model,image,turn,question,response,inference_time,input_tokens,output_tokens
Qwen/Qwen2.5-VL-3B-Instruct,image_1.png,1,"오늘 강남에서 만난 김소현 씨 명함인데, 정보 저장해줄래? ","提取된 정보:
{
  ""name"": ""김소현"",
  ""position"": ""과니퍼"",
  ""company"": ""After glow"",
  ""phone"": ""02 345 6789"",
  ""email"": ""Kakao after_glow"",
  ""address"": ""서울 강남구 봉사로12길 34 1층"",
  ""website"": ""www.after_glow.com"",
  ""other_details"": [""Positive thinking"", ""OPEN. am 10시 - pm 9시""]
}

맥락 정보 수집: 
""이 사람을 어디서 만났나요?""
""무엇을 논의했나요?""

추출된 정보 요약 및 확인:
- 이 사람을 강남에서 만났습니다.
- 논의 내용은 Positive thinking에 대한 것 같습니다.

이 연락처를 데이터베이스에 추가했습니다. 다른 명함 처리할까요?",9.78,739,202
Qwen/Qwen2.5-VL-3B-Instruct,image_1.png,2," After glow 부스에서 인수합병 얘기 나눴어. 부스는 화려한 조명에 사람 많았고, 김소현 씨는 경력 5년차쯤 된 분위기였는데 주로 전략적인 부분 강조했어. ","提取된 정보:
{
  ""name"": ""김소현"",
  ""position"": ""과니퍼"",
  ""company"": ""After glow"",
  ""phone"": ""02 345 6789"",
  ""email"": ""Kakao after_glow"",
  ""address"": ""서울 강남구 봉사로12길 34 1층"",
  ""website"": ""www.after_glow.com"",
  ""other_details"": [""Positive thinking"", ""OPEN. am 10시 - pm 9시""]
}

맥락 정보 수집: 
""이 사람을 어디서 만났나요?""
""무엇을 논의했나요?""

추출된 정보 요약 및 확인:
- 이 사람을 After glow 부스에서 만났습니다.
- 논의 내용은 부스에서 인수합병에 대한 것이었습니다.
- 부스는 화려한 조명에 사람이 많았고, 김소현 씨는 경력 5년차쯤 된 분위기였으며, 주로 전략적인 부분 강조했습니다.

이 연락처를 데이터베이스에 추가했습니다. 다른 명함 처리할까요?",10.74,688,256
Qwen/Qwen2.5-VL-3B-Instruct,image_1.png,3," 응, 다 맞아. 이거 데이터베이스에 저장해줘.",이 연락처를 데이터베이스에 추가했습니다. 다른 명함 처리할까요?,0.92,971,21
Qwen/Qwen2.5-VL-3B-Instruct,image_2.jpg,1,"남산타워 근처에서 사진 찍었는데, 이 장소 정보 좀 기록해줄래? 거기서 박준영 씨를 만났어. 'Skyline Corp'의 매니저야. 번호는 010-9876-5432야. ","提取된 정보:
{
  ""name"": ""박준영"",
  ""position"": ""매니저"",
  ""company"": ""Skyline Corp"",
  ""phone"": ""010-9876-5432"",
  ""email"": """",
  ""address"": ""남산타워 근처"",
  ""website"": """",
  ""other_details"": [""이 사람을 남산타워 근처에서 만났어.""]
}

맥락 정보 수집:
""이 사람을 어디서 만났나요?""
""무엇을 논의했나요?""

추출된 정보 요약 및 확인:
이 정보를 기록하겠습니다. 남산타워 근처에서 박준영 씨를 만났고, 그는 'Skyline Corp'의 매니저입니다. 연락처는 010-9876-5432입니다. 다른 명함 처리할까요?

이 연락처를 데이터베이스에 추가했습니다. 다른 명함 처리할까요?",9.4,819,220
Qwen/Qwen2.5-VL-3B-Instruct,image_2.jpg,2," 전망대 근처 카페에서 만났고, 창가 자리에서 탑 보이며 커피 마셨어. 박준영 씨는 8년차쯤 된 매니저로, 전망대 리모델링 프로젝트 주도하고 있다고 했어. ","提取된 정보:
{
  ""name"": ""박준영"",
  ""position"": ""매니저"",
  ""company"": ""Skyline Corp"",
  ""phone"": ""010-9876-5432"",
  ""email"": """",
  ""address"": ""전망대 근처 카페"",
  ""website"": """",
  ""other_details"": [""창가 자리에서 탑 보며 커피 마셨어."", ""8년차 매니저로, 전망대 리모델링 프로젝트 주도하고 있다.""]
}

맥락 정보 수집:
""이 사람을 어디서 만났나요?""
""무엇을 논의했나요?""

추출된 정보 요약 및 확인:
이 정보를 기록하겠습니다. 박준영 씨는 전망대 근처 카페에서 만났고, 그는 8년차 매니저로, 전망대 리모델링 프로젝트 주도하고 있습니다. 연락처는 010-9876-5432입니다. 다른 명함 처리할까요?

이 연락처를 데이터베이스에 추가했습니다. 다른 명함 처리할까요?",11.27,763,264
Qwen/Qwen2.5-VL-3B-Instruct,image_2.jpg,3," 음, 회사명을 'Skyline Inc'로 수정하고 저장해줘.","提取된 정보:
{
  ""name"": ""박준영"",
  ""position"": ""매니저"",
  ""company"": ""Skyline Inc"",
  ""phone"": ""010-9876-5432"",
  ""email"": """",
  ""address"": ""전망대 근처 카페"",
  ""website"": """",
  ""other_details"": [""창가 자리에서 탑 보며 커피 마셨어."", ""8년차 매니저로, 전망대 리모델링 프로젝트 주도하고 있다.""]
}

맥락 정보 수집:
""이 사람을 어디서 만났나요?""
""무엇을 논의했나요?""

추출된 정보 요약 및 확인:
이 정보를 기록하겠습니다. 박준영 씨는 전망대 근처 카페에서 만났고, 그는 8년차 매니저로, 전망대 리모델링 프로젝트 주도하고 있습니다. 회사명을 'Skyline Inc'로 수정했습니다. 연락처는 010-9876-5432입니다. 다른 명함 처리할까요?

이 연락처를 데이터베이스에 추가했습니다. 다른 명함 처리할까요?",11.88,1055,277
Qwen/Qwen2.5-VL-3B-Instruct,image_3.png,1,"어제 박람회에서 만난 Kyle Hong 씨 명함이야, 저장 부탁해! ","<extracted_info>
{
  ""name"": ""Hong, Kyle"",
  ""position"": ""Manager | 科长"",
  ""company"": ""Uusando Corporation"",
  ""phone"": ""82354-1234-5678"",
  ""email"": ""kyle.hong@uusando.biz"",
  ""address"": ""1000 Nari, Buk-myeon, Ulleung-gun, Gyeongsangbuk-do, South Korea"",
  ""website"": """",
  ""other_details"": [""Overseas Sales Team | 营业部2""]
}
</extracted_info>

이번에 Kyle Hong 씨의 명함 정보를 수집했습니다. 이 정보는 다음과 같습니다:

- 이름: Hong, Kyle
- 직위: Manager | 科长
- 회사: Uusando Corporation
- 전화번호: 82354-1234-5678
- 이메일: kyle.hong@uusando.biz
- 주소: 1000 Nari, Buk-myeon, Ulleung-gun, Gyeongsangbuk-do, South Korea
- 웹사이트: 없음
- 추가 정보: Overseas Sales Team | 营业部2

이 정보를 기반으로 Kyle Hong 씨의 연락처를 데이터베이스에 추가하겠습니다. 다른 명함 처리를 원하시면 언제든지 알려주세요.",13.36,663,315
Qwen/Qwen2.5-VL-3B-Instruct,image_3.png,2," 해외 세일즈 얘기 나눴어. 부스에 울릉도 사진 걸려 있고, Kyle 씨는 10년 넘게 해외 팀에서 일한 베테랑으로 시장 트렌드 분석 잘하더라. ","<extracted_info>
{
  ""name"": ""Hong, Kyle"",
  ""position"": ""Manager | 科长"",
  ""company"": ""Uusando Corporation"",
  ""phone"": ""82354-1234-5678"",
  ""email"": ""kyle.hong@uusando.biz"",
  ""address"": ""1000 Nari, Buk-myeon, Ulleung-gun, Gyeongsangbuk-do, South Korea"",
  ""website"": """",
  ""other_details"": [""Overseas Sales Team | 营业部2"", ""10 years of overseas sales experience"", ""Expert in market trend analysis""]
}
</extracted_info>

이번에 Kyle Hong 씨의 명함 정보와 추가 맥락 정보를 수집했습니다. 이 정보는 다음과 같습니다:

- 이름: Hong, Kyle
- 직위: Manager | 科长
- 회사: Uusando Corporation
- 전화번호: 82354-1234-5678
- 이메일: kyle.hong@uusando.biz
- 주소: 1000 Nari, Buk-myeon, Ulleung-gun, Gyeongsangbuk-do, South Korea
- 웹사이트: 없음
- 추가 정보: Overseas Sales Team | 营业部2, 10년 넘게 해외 팀에서 일한 베테랑으로 시장 트렌드 분석 잘하더라.

이 정보를 기반으로 Kyle Hong 씨의 연락처를 데이터베이스에 추가하겠습니다. 다른 명함 처리를 원하시면 언제든지 알려주세요.",15.17,799,367
Qwen/Qwen2.5-VL-3B-Instruct,image_3.png,3, 정보 잘 정리됐네. 근데 이메일만 kyle.hong@uusando.com으로 바꿔줘.,"<extracted_info>
{
  ""name"": ""Hong, Kyle"",
  ""position"": ""Manager | 科长"",
  ""company"": ""Uusando Corporation"",
  ""phone"": ""82354-1234-5678"",
  ""email"": ""kyle.hong@uusando.com"",
  ""address"": ""1000 Nari, Buk-myeon, Ulleung-gun, Gyeongsangbuk-do, South Korea"",
  ""website"": """",
  ""other_details"": [""Overseas Sales Team | 营业部2"", ""10 years of overseas sales experience"", ""Expert in market trend analysis""]
}
</extracted_info>

이번에 Kyle Hong 씨의 명함 정보와 추가 맥락 정보를 수정했습니다. 이 정보는 다음과 같습니다:

- 이름: Hong, Kyle
- 직위: Manager | 科长
- 회사: Uusando Corporation
- 전화번호: 82354-1234-5678
- 이메일: kyle.hong@uusando.com
- 주소: 1000 Nari, Buk-myeon, Ulleung-gun, Gyeongsangbuk-do, South Korea
- 웹사이트: 없음
- 추가 정보: Overseas Sales Team | 营业部2, 10년 넘게 해외 팀에서 일한 베테랑으로 시장 트렌드 분석 잘하더라.

이 정보를 기반으로 Kyle Hong 씨의 연락처를 데이터베이스에 추가하겠습니다. 다른 명함 처리를 원하시면 언제든지 알려주세요.",15.47,1203,367
Qwen/Qwen2.5-VL-3B-Instruct,image_4.jpeg,1,"로마 출장 때 콜로세움 사진 찍었는데, 이 장소 정보 좀 추가해줄래? 거기서 홍민지 씨를 만났어. 'Roma Travel'의 가이드야. 번호는 010-5555-1234야. ","<extracted_info>
{
  ""name"": ""홍민지"",
  ""position"": ""Roma Travel의 가이드"",
  ""company"": ""Roma Travel"",
  ""phone"": ""010-5555-1234"",
  ""email"": null,
  ""address"": null,
  ""website"": null,
  ""other_details"": [""로마 출장에서 콜로세움 사진 찍었어요.""]
}
</extracted_info>

홍민지 씨는 로마 출장 중에 콜로세움 사진을 찍었어요. 그녀가 가이드로 활동하고 계시네요. 홍민지 씨의 연락처는 010-5555-1234입니다. 이 정보를 데이터베이스에 추가해주세요. 다른 명함 처리할까요?",8.27,565,193
Qwen/Qwen2.5-VL-3B-Instruct,image_4.jpeg,2," 콜로세움 광장에서 만났고, 관광객 많던 따뜻한 날이었어. 홍민지 씨는 6년차 가이드로, 로마 골목 투어 기획하며 현지 맛집도 잘 아는 분이야. ","<extracted_info>
{
  ""name"": ""홍민지"",
  ""position"": ""6년차 가이드"",
  ""company"": ""Roma Travel"",
  ""phone"": ""010-5555-1234"",
  ""email"": null,
  ""address"": null,
  ""website"": null,
  ""other_details"": [""콜로세움 광장에서 관광객 많은 따뜻한 날에 만났어요."", ""로마 골목 투어 기획하며 현지 맛집도 잘 아는 분이에요.""]
}
</extracted_info>

홍민지 씨는 콜로세움 광장에서 관광객 많은 따뜻한 날에 만났어요. 그녀는 6년차 가이드로, 로마 골목 투어 기획하며 현지 맛집도 잘 아는 분이에요. 홍민지 씨의 연락처는 010-5555-1234입니다. 이 정보를 데이터베이스에 추가해주세요. 다른 명함 처리할까요?",10.61,740,253
Qwen/Qwen2.5-VL-3B-Instruct,image_4.jpeg,3," 맞아. 근데 정보 더 추가할게, 회사 위치가 '로마 시내 Via Roma 12'야.","<extracted_info>
{
  ""name"": ""홍민지"",
  ""position"": ""6년차 가이드"",
  ""company"": ""Roma Travel"",
  ""phone"": ""010-5555-1234"",
  ""email"": null,
  ""address"": ""로마 시내 Via Roma 12"",
  ""website"": null,
  ""other_details"": [""콜로세움 광장에서 관광객 많은 따뜻한 날에 만났어요."", ""로마 골목 투어 기획하며 현지 맛집도 잘 아는 분이에요.""]
}
</extracted_info>

홍민지 씨는 콜로세움 광장에서 관광객 많은 따뜻한 날에 만났어요. 그녀는 6년차 가이드로, 로마 골목 투어 기획하며 현지 맛집도 잘 아는 분이에요. 홍민지 씨의 연락처는 010-5555-1234이고, 회사 위치는 로마 시내 Via Roma 12입니다. 이 정보를 데이터베이스에 추가해주세요. 다른 명함 처리할까요?",11.61,1031,277
Qwen/Qwen2.5-VL-3B-Instruct,image_5.jpg,1,"삼성 박람회에서 이 부스 사진 찍었어. 장소 특징 좀 정리해줄래? 거기서 김태훈 씨를 만났는데, '삼성전자'의 엔지니어야. 번호는 010-4321-8765야. ","<extracted_info>
{
  ""name"": ""김태훈"",
  ""position"": ""엔지니어"",
  ""company"": ""삼성전자"",
  ""phone"": ""010-4321-8765"",
  ""email"": """",
  ""address"": """",
  ""website"": """",
  ""other_details"": [""삼성 박람회에서 사진 찍었어."", ""김태훈 씨를 만났어.""]
}
</extracted_info>

이런 정보를 바탕으로 삼성 박람회에서 김태훈 씨를 만났다는 맥락 정보를 추가해 보았어요. 김태훈 씨는 삼성전자에서 엔지니어로 일하고 계시네요. 이 정보를 바탕으로 더 많은 정보를 수집하고 싶으신가요?",7.77,634,185
Qwen/Qwen2.5-VL-3B-Instruct,image_5.jpg,2," AI 컨트롤 부스 앞에서 만났고, 대형 스크린에 데모 돌리던 중이었어. 김태훈 씨는 7년차 엔지니어로, AI 알고리즘 최적화에 집중하고 있더라. ","<extracted_info>
{
  ""name"": ""김태훈"",
  ""position"": ""엔지니어"",
  ""company"": ""삼성전자"",
  ""phone"": ""010-4321-8765"",
  ""email"": """",
  ""address"": """",
  ""website"": """",
  ""other_details"": [
    ""삼성 박람회에서 AI 컨트롤 부스 앞에서 만났어."",
    ""데모를 돌리던 중이었어."",
    ""7년차 엔지니어로, AI 알고리즘 최적화에 집중하고 있더라.""
  ]
}
</extracted_info>

김태훈 씨는 삼성전자에서 7년차 엔지니어로, AI 알고리즘 최적화에 집중하고 계시네요. 또한, 삼성 박람회에서 AI 컨트롤 부스 앞에서 만났다는 맥락 정보도 추가해 보았어요. 이 정보를 바탕으로 더 많은 정보를 수집하고 싶으신가요?",10.13,724,234
Qwen/Qwen2.5-VL-3B-Instruct,image_5.jpg,3," 좋아, 다 맞네. 이거 저장해줘.",감사합니다! 이 정보를 저장하겠습니다. 다른 명함 처리를 원하시면 언제든지 알려주세요.,1.06,979,24
Qwen/Qwen2.5-VL-3B-Instruct,image_6.jpg,1,"도서관에서 이 사진 찍었어, 장소 설명 좀 추가해줄래? 거기서 이지연 씨를 만났어. 'Book Haven'의 사서야. 번호는 010-1111-2222야. ","<extracted_info>
{
  ""name"": ""이지연"",
  ""position"": ""사서"",
  ""company"": ""Book Haven"",
  ""phone"": ""010-1111-2222"",
  ""email"": """",
  ""address"": """",
  ""website"": """",
  ""other_details"": [""도서관에서 만났다."", ""책을 읽고 있다.""]
}
</extracted_info>

이지연 씨는 도서관에서 사서로 일하고 계시네요. 책을 읽고 있는 모습이 보입니다. 이 지점에서 만났어요. 이 정보가 정확하신가요?",6.39,964,142
Qwen/Qwen2.5-VL-3B-Instruct,image_6.jpg,2," 책장 사이에서 만났고, 조용한 분위기에 책 냄새 좋았어. 이지연 씨는 5년차 사서로, 디지털 도서 관리 시스템 도입 주도한 경험이 있더라. ","<extracted_info>
{
  ""name"": ""이지연"",
  ""position"": ""사서"",
  ""company"": ""Book Haven"",
  ""phone"": ""010-1111-2222"",
  ""email"": """",
  ""address"": """",
  ""website"": """",
  ""other_details"": [""도서관에서 만났다."", ""책을 읽고 있다."", ""디지털 도서 관리 시스템 도입 주도한 경험이 있다.""]
}
</extracted_info>

이지연 씨는 5년차 사서로, 디지털 도서 관리 시스템 도입에 대한 경험을 가지고 계시네요. 책을 읽고 있는 모습이 보입니다. 이 지점에서 만났어요. 이 정보가 정확하신가요?",7.69,667,180
Qwen/Qwen2.5-VL-3B-Instruct,image_6.jpg,3," 음, 번호를 010-1111-3333으로 수정하고 저장해줘.","<extracted_info>
{
  ""name"": ""이지연"",
  ""position"": ""사서"",
  ""company"": ""Book Haven"",
  ""phone"": ""010-1111-3333"",
  ""email"": """",
  ""address"": """",
  ""website"": """",
  ""other_details"": [""도서관에서 만났다."", ""책을 읽고 있다."", ""디지털 도서 관리 시스템 도입 주도한 경험이 있다.""]
}
</extracted_info>

이지연 씨는 5년차 사서로, 디지털 도서 관리 시스템 도입에 대한 경험을 가지고 계시네요. 책을 읽고 있는 모습이 보입니다. 이 지점에서 만났어요. 이 정보가 정확하신가요?",7.78,883,180
Qwen/Qwen2.5-VL-3B-Instruct,image_7.jpg,1,"집 거실에서 사진 찍었는데, 이 상황 좀 기록해줄래? 여기서 최수진 씨를 만났어. 'Home Media'의 디자이너야. 번호는 010-7777-8888이야. ","<extracted_info>
{
  ""name"": ""최수진"",
  ""position"": ""디자이너"",
  ""company"": ""Home Media"",
  ""phone"": ""010-7777-8888"",
  ""email"": """",
  ""address"": """",
  ""website"": """",
  ""other_details"": [""집 거실에서 사진 찍었어.""]
}
</extracted_info>

이 사람을 어디서 만났나요? 무엇을 논의했나요?

이 연락처를 데이터베이스에 추가했습니다. 다른 명함 처리할까요?",5.62,746,129
Qwen/Qwen2.5-VL-3B-Instruct,image_7.jpg,2," TV 앞 소파에서 만났고, 창밖 나무 보이고 식물 많았어. 최수진 씨는 9년차 디자이너로, 스마트 TV UI 설계에 강점이 있는 사람이야. ","<extracted_info>
{
  ""name"": ""최수진"",
  ""position"": ""디자이너"",
  ""company"": ""Home Media"",
  ""phone"": ""010-7777-8888"",
  ""email"": """",
  ""address"": """",
  ""website"": """",
  ""other_details"": [""TV 앞 소파에서 만났어."", ""창밖 나무 보이고 식물 많았어."", ""9년차 디자이너로, 스마트 TV UI 설계에 강점이 있는 사람이야.""]
}
</extracted_info>

이 사람을 어디서 만났나요? 무엇을 논의했나요?

이 연락처를 데이터베이스에 추가했습니다. 다른 명함 처리할까요?",7.2,653,168
Qwen/Qwen2.5-VL-3B-Instruct,image_7.jpg,3, 맞아. 근데 회사명을 'Home Vision'으로 바꿔줘.,"<extracted_info>
{
  ""name"": ""최수진"",
  ""position"": ""디자이너"",
  ""company"": ""Home Vision"",
  ""phone"": ""010-7777-8888"",
  ""email"": """",
  ""address"": """",
  ""website"": """",
  ""other_details"": [""TV 앞 소파에서 만났어."", ""창밖 나무 보이고 식물 많았어."", ""9년차 디자이너로, 스마트 TV UI 설계에 강점이 있는 사람이야.""]
}
</extracted_info>

이 사람을 어디서 만났나요? 무엇을 논의했나요?

이 연락처를 데이터베이스에 추가했습니다. 다른 명함 처리할까요?",7.11,849,168
Qwen/Qwen2.5-VL-3B-Instruct,image_8.jpg,1,"이 무대 사진 찍었어, 상황 좀 정리해줄래? 거기서 강민수 씨를 만났어. 'Tech Forum'의 발표자야. 번호는 010-9999-0000이야. ","提取된 정보:
{
  ""name"": ""강민수"",
  ""position"": ""Tech Forum의 발표자"",
  ""company"": ""Tech Forum"",
  ""phone"": ""010-9999-0000"",
  ""email"": """",
  ""address"": """",
  ""website"": """",
  ""other_details"": [""무엇을 논의했나요?""]
}

맥락 정보 수집:
""이 사람을 어디서 만났나요?""
""무엇을 논의했나요?""

연락처 정보 요약 및 확인:
강민수 씨는 'Tech Forum'에서 발표자로 활동하고 있습니다. 연락처는 010-9999-0000입니다. 무엇을 논의했나요?

상호작용 마무리:
이 연락처를 데이터베이스에 추가했습니다. 다른 명함 처리할까요?",8.49,674,199
Qwen/Qwen2.5-VL-3B-Instruct,image_8.jpg,2," 무대 조명 밝고 로봇 옆에서 만났어. 강민수 씨는 12년차 전문가로, 로봇 자동화 강연 끝내고 관객 질문받던 중이었어. ","提取된 정보:
{
  ""name"": ""강민수"",
  ""position"": ""Tech Forum의 발표자"",
  ""company"": ""Tech Forum"",
  ""phone"": ""010-9999-0000"",
  ""email"": """",
  ""address"": """",
  ""website"": """",
  ""other_details"": [""무대 조명 밝고 로봇 옆에서 만났어."", ""12년차 전문가로, 로봇 자동화 강연 끝내고 관객 질문받던 중이었어.""]
}

맥락 정보 수집:
""무대 조명 밝고 로봇 옆에서 만났어.""
""12년차 전문가로, 로봇 자동화 강연 끝내고 관객 질문받던 중이었어.""

연락처 정보 요약 및 확인:
강민수 씨는 'Tech Forum'에서 12년차 전문가로 활동하고 있습니다. 연락처는 010-9999-0000입니다. 무대 조명이 밝고 로봇 옆에서 만났으며, 로봇 자동화 강연을 끝내고 관객 질문을 받았다고 합니다.

상호작용 마무리:
이 연락처를 데이터베이스에 추가했습니다. 다른 명함 처리할까요?",12.52,718,299
Qwen/Qwen2.5-VL-3B-Instruct,image_8.jpg,3, 정보 잘 들어갔네. 이거 저장해줘.,감사합니다! 이 정보를 저장하겠습니다. 다른 명함 처리를 원하시면 언제든지 알려주세요.,1.05,1038,24
Qwen/Qwen2.5-VL-3B-Instruct,image_9.jpg,1,"이 개 사진 찍었는데, 장소 정보 좀 추가해줄래? 여기서 만난 오지훈 씨가 'Pet Joy'의 트레이너야. 번호는 010-2222-3333이야. ","<extracted_info>
{
  ""name"": ""오지훈"",
  ""position"": ""트레이너"",
  ""company"": ""Pet Joy"",
  ""phone"": ""010-2222-3333"",
  ""email"": """",
  ""address"": """",
  ""website"": """",
  ""other_details"": [""이 개는 오지훈 씨의 동물 친구입니다.""]
}
</extracted_info>

이 개는 오지훈 씨의 동물 친구입니다. 이 개는 어떤 장소에서 만났나요?",5.68,1127,125
Qwen/Qwen2.5-VL-3B-Instruct,image_9.jpg,2," 공원 벤치 근처에서 만났고, 개들 뛰어놀던 날이었어. 오지훈 씨는 6년차 트레이너로, 반려동물 행동 교정 전문가라고 하더라. ","이 개는 오지훈 씨의 동물 친구입니다. 이 개는 공원 벤치 근처에서 만났고, 개들이 뛰어놀던 날이었습니다. 오지훈 씨는 6년차 트레이너로, 반려동물 행동 교정 전문가라고 하더라. 이 정보를 추가로 기억하겠습니다. 이 연락처를 데이터베이스에 추가했습니다. 다른 명함 처리할까요?",4.43,645,106
Qwen/Qwen2.5-VL-3B-Instruct,image_9.jpg,3," 좋아, 근데 정보 더 추가할게. 그의 GitHub 링크는 'github.com/ozitrainer'야.",GitHub 링크는 'github.com/ozitrainer'라고 하셨어요. 이 정보를 추가로 기억하겠습니다. 이 연락처를 데이터베이스에 추가했습니다. 다른 명함 처리할까요?,1.97,788,47
Qwen/Qwen2.5-VL-3B-Instruct,image_10.jpg,1,"오늘 만난 김기아 씨 명함이야, 저장해줄래? ","提取된 정보:
{
  ""name"": ""김 기 아"",
  ""position"": ""카마스터"",
  ""company"": ""KIA"",
  ""phone"": ""010 2282 8119"",
  ""email"": ""madcomm@daum.net"",
  ""address"": ""서울특별시 서초구 한릉로 12 (양재동)"",
  ""website"": null,
  ""other_details"": [""기아 미소대리점""]
}

맥락 정보 수집: 
""김 기 아 씨와 어떻게 만났나요?""
""그분과 어떤 일을 논의했나요?""

추출된 정보 요약 및 확인:
이 명함에는 김 기 아 씨의 이름, 직위, 회사, 연락처, 이메일, 주소, 그리고 기아 미소대리점에 대한 정보가 포함되어 있습니다. 김 기 아 씨와의 만남과 논의 내용도 추가되었습니다.

이 연락처를 데이터베이스에 추가했습니다. 다른 명함 처리할까요?",10.08,844,235
Qwen/Qwen2.5-VL-3B-Instruct,image_10.jpg,2," 자동차 마케팅 얘기 나눴어. 근처에 차량 모형 전시돼 있고, 김기아 씨는 8년차 전문가로 브랜드 캠페인 많이 기획했더라. ","提取된 정보:
{
  ""name"": ""김 기 아"",
  ""position"": ""카마스터"",
  ""company"": ""KIA"",
  ""phone"": ""010 2282 8119"",
  ""email"": ""madcomm@daum.net"",
  ""address"": ""서울특별시 서초구 한릉로 12 (양재동)"",
  ""website"": null,
  ""other_details"": [""기아 미소대리점"", ""8년차 전문가"", ""브랜드 캠페인 기획""]
}

맥락 정보 수집: 
""김 기 아 씨와 자동차 마케팅에 대해 논의했나요?""
""김 기 아 씨가 근처에 있는 차량 모형 전시회에 가셨나요?""

추출된 정보 요약 및 확인:
이 명함에는 김 기 아 씨의 이름, 직위, 회사, 연락처, 이메일, 주소, 그리고 기아 미소대리점에 대한 정보가 포함되어 있습니다. 또한, 김 기 아 씨가 자동차 마케팅에 대해 논의했고, 그가 근처에 있는 차량 모형 전시회에 가셨다는 정보도 추가되었습니다.

이 연락처를 데이터베이스에 추가했습니다. 다른 명함 처리할까요?",12.79,714,305
Qwen/Qwen2.5-VL-3B-Instruct,image_10.jpg,3, 다 맞아. 이거 저장해줘.,이 연락처를 데이터베이스에 추가했습니다. 다른 명함 처리할까요?,0.97,1038,21
Qwen/Qwen2.5-VL-3B-Instruct,image_11.jpg,1,"어제 미니살롱에서 받은 이수민 씨 명함인데, 저장 부탁해! ","<extracted_info>
{
  ""name"": ""이수민"",
  ""position"": ""Manager"",
  ""company"": ""미니살롱"",
  ""phone"": ""070-8119-2648"",
  ""email"": null,
  ""address"": null,
  ""website"": ""minisalon_02"",
  ""other_details"": [""1:1시술 / 우선예약제"", ""am 10:00 ~ pm 8:00""]
}
</extracted_info>

이 수 민
/
Manager

미니살롱
1:1시술 / 우선예약제
070-8119-2648
am 10:00 ~ pm 8:00
[minisalon_02]
[minisalon_02]

이 사람을 어디서 만났나요?
무엇을 논의했나요?

이 연락처를 데이터베이스에 추가했습니다. 다른 명함 처리할까요?",9.87,857,222
Qwen/Qwen2.5-VL-3B-Instruct,image_11.jpg,2," 살롱 운영 얘기 나눴고, 아늑한 인테리어에 손님들 많았어. 이수민 씨는 7년차 매니저로, 고객 서비스 개선에 집중하고 있더라. ","<extracted_info>
{
  ""name"": ""이수민"",
  ""position"": ""Manager"",
  ""company"": ""미니살롱"",
  ""phone"": ""070-8119-2648"",
  ""email"": null,
  ""address"": null,
  ""website"": ""minisalon_02"",
  ""other_details"": [""1:1시술 / 우선예약제"", ""am 10:00 ~ pm 8:00""]
}
</extracted_info>

이 수 민
/
Manager

미니살롱
1:1시술 / 우선예약제
070-8119-2648
am 10:00 ~ pm 8:00
[minisalon_02]
[minisalon_02]

이 사람을 어디서 만났나요?
무엇을 논의했나요?

이 사람을 어디서 만났나요?
무엇을 논의했나요?

이 연락처를 데이터베이스에 추가했습니다. 다른 명함 처리할까요?",10.37,700,242
Qwen/Qwen2.5-VL-3B-Instruct,image_11.jpg,3," 음, 전화번호를 070-8119-5555로 수정하고 저장해줘.","<extracted_info>
{
  ""name"": ""이수민"",
  ""position"": ""Manager"",
  ""company"": ""미니살롱"",
  ""phone"": ""070-8119-5555"",
  ""email"": null,
  ""address"": null,
  ""website"": ""minisalon_02"",
  ""other_details"": [""1:1시술 / 우선예약제"", ""am 10:00 ~ pm 8:00""]
}
</extracted_info>

이 수 민
/
Manager

미니살롱
1:1시술 / 우선예약제
070-8119-5555
am 10:00 ~ pm 8:00
[minisalon_02]
[minisalon_02]

이 사람을 어디서 만났나요?
무엇을 논의했나요?

이 사람을 어디서 만났나요?
무엇을 논의했나요?

이 연락처를 데이터베이스에 추가했습니다. 다른 명함 처리할까요?",10.17,979,242
Qwen/Qwen2.5-VL-3B-Instruct,image_12.jpg,1,"이 전시 장비 사진 찍었어, 용도 좀 기록해줄래? 거기서 정유진 씨를 만났어. 'Art Tech'의 큐레이터야. 번호는 010-6666-7777이야. ","<extracted_info>
{
  ""name"": ""정유진"",
  ""position"": ""Art Tech의 큐레이터"",
  ""company"": ""미안, 이 사진에서 명확한 회사 정보가 없습니다."",
  ""phone"": ""010-6666-7777"",
  ""email"": ""미안, 이 사진에서 명확한 이메일 정보가 없습니다."",
  ""address"": ""미안, 이 사진에서 명확한 주소 정보가 없습니다."",
  ""website"": ""미안, 이 사진에서 명확한 웹사이트 정보가 없습니다."",
  ""other_details"": [""미안, 이 사진에서 명확한 다른 정보가 없습니다.""]
}
</extracted_info>

이 전시 장비 사진에서 정유진 씨를 만났어요. 그는 'Art Tech'의 큐레이터입니다. 전화번호는 010-6666-7777이에요. 다른 정보는 아직 확실하지 않아요. 이 연락처를 데이터베이스에 추가했습니다. 다른 명함 처리할까요?",10.17,849,240
Qwen/Qwen2.5-VL-3B-Instruct,image_12.jpg,2," 3D 프로젝션 장비 앞에서 만났고, 조명 효과 멋졌어. 정유진 씨는 10년차 큐레이터로, 미디어 아트 전시 기획 유명하더라. ","<extracted_info>
{
  ""name"": ""정유진"",
  ""position"": ""Art Tech의 큐레이터"",
  ""company"": ""미안, 이 사진에서 명확한 회사 정보가 없습니다."",
  ""phone"": ""010-6666-7777"",
  ""email"": ""미안, 이 사진에서 명확한 이메일 정보가 없습니다."",
  ""address"": ""미안, 이 사진에서 명확한 주소 정보가 없습니다."",
  ""website"": ""미안, 이 사진에서 명확한 웹사이트 정보가 없습니다."",
  ""other_details"": [""미안, 이 사진에서 명확한 다른 정보가 없습니다."", ""10년차 큐레이터로, 미디어 아트 전시 기획 유명하다.""]
}
</extracted_info>

이전시 장비 앞에서 정유진 씨를 만났어요. 그는 10년차 큐레이터로, 미디어 아트 전시 기획에 유명하다고 들었어요. 조명 효과가 멋졌어요. 이 연락처를 데이터베이스에 추가했습니다. 다른 명함 처리할까요?",10.91,764,258
Qwen/Qwen2.5-VL-3B-Instruct,image_12.jpg,3, 맞아. 회사명을 'Art Innovate'로 수정해줘.,"<extracted_info>
{
  ""name"": ""정유진"",
  ""position"": ""Art Innovate의 큐레이터"",
  ""company"": ""Art Innovate"",
  ""phone"": ""010-6666-7777"",
  ""email"": ""미안, 이 사진에서 명확한 이메일 정보가 없습니다."",
  ""address"": ""미안, 이 사진에서 명확한 주소 정보가 없습니다."",
  ""website"": ""미안, 이 사진에서 명확한 웹사이트 정보가 없습니다."",
  ""other_details"": [""미안, 이 사진에서 명확한 다른 정보가 없습니다."", ""10년차 큐레이터로, 미디어 아트 전시 기획 유명하다.""]
}
</extracted_info>

이전시 장비 앞에서 정유진 씨를 만났어요. 그는 Art Innovate의 큐레이터로, 10년차 큐레이터로, 미디어 아트 전시 기획에 유명하다고 들었어요. 조명 효과가 멋졌어요. 회사명을 'Art Innovate'로 수정해주세요. 이 연락처를 데이터베이스에 추가했습니다. 다른 명함 처리할까요?",11.34,1048,272
Qwen/Qwen2.5-VL-3B-Instruct,image_13.jpg,1,"넷플릭스 전시관 사진 찍었는데, 이곳 정보 좀 추가해줄래? 거기서 박소영 씨를 만났어. 'Netflix Korea'의 매니저야. 번호는 010-1234-9999야. ","네, 넷플릭스 전시관 사진을 보고 박소영 씨와 관련된 정보를 추가해 드릴게요. 박소영 씨는 'Netflix Korea'의 매니저라고 하셨죠? 그리고 연락처는 010-1234-9999라고 하셨군요. 이 정보를 추가해 보겠습니다.

<extracted_info>
{
  ""name"": ""박소영"",
  ""position"": ""매니저"",
  ""company"": ""Netflix Korea"",
  ""phone"": ""010-1234-9999"",
  ""email"": """",
  ""address"": """",
  ""website"": """",
  ""other_details"": [""이곳에서 만났어요.""]
}
</extracted_info>

이 정보가 정확하신가요? 다른 정보가 있나요?",8.2,662,190
Qwen/Qwen2.5-VL-3B-Instruct,image_13.jpg,2," 전시관 입구에서 만났고, 대형 스크린에 예고편 틀고 있었어. 박소영 씨는 9년차 매니저로, 한국 콘텐츠 전략 주도하고 있더라. ","네, 박소영 씨가 9년차 매니저로, 한국 콘텐츠 전략을 주도하고 있다는 정보도 추가해 드릴게요. 그리고 전시관 입구에서 만났다는 정보도 추가해 드릴게요.

<extracted_info>
{
  ""name"": ""박소영"",
  ""position"": ""매니저"",
  ""years_of_experience"": ""9년"",
  ""company"": ""Netflix Korea"",
  ""phone"": ""010-1234-9999"",
  ""email"": """",
  ""address"": """",
  ""website"": """",
  ""other_details"": [
    ""이곳에서 만났어요."",
    ""9년차 매니저로, 한국 콘텐츠 전략 주도하고 있어요.""
  ]
}
</extracted_info>

이 정보가 정확하신가요? 더 추가 정보가 필요하시면 말씀해주세요.",8.78,718,206
Qwen/Qwen2.5-VL-3B-Instruct,image_13.jpg,3," 좋아, 직무를 '콘텐츠 매니저'로 수정하고 저장해줘.","네, 박소영 씨의 직무를 '콘텐츠 매니저'로 수정해 드릴게요. 그리고 정보를 저장하겠습니다.

<extracted_info>
{
  ""name"": ""박소영"",
  ""position"": ""콘텐츠 매니저"",
  ""years_of_experience"": ""9년"",
  ""company"": ""Netflix Korea"",
  ""phone"": ""010-1234-9999"",
  ""email"": """",
  ""address"": """",
  ""website"": """",
  ""other_details"": [
    ""이곳에서 만났어요."",
    ""9년차 매니저로, 한국 콘텐츠 전략 주도하고 있어요.""
  ]
}
</extracted_info>

이 정보가 정확하신가요? 다른 정보가 필요하시면 말씀해주세요.",7.57,953,182
Qwen/Qwen2.5-VL-3B-Instruct,image_14.jpg,1,"이 캠핑 사진 찍었어, 상황 좀 정리해줄래? 거기서 강지훈 씨를 만났어. 'Outdoor Life'의 기획자야. 번호는 010-4444-5555야. ",이 캠핑 사진에서 강지훈 씨를 만났어요. 그는 'Outdoor Life'의 기획자라고 하더군요. 번호는 010-4444-5555예요. 이 사진에서 무엇을 논의했나요?,2.96,642,67
Qwen/Qwen2.5-VL-3B-Instruct,image_14.jpg,2," 호수 옆 텐트 근처에서 만났고, 달빛 아래 조용했어. 강지훈 씨는 6년차 기획자로, 캠핑 장비 디자인에 아이디어 많더라. ","호수 옆 텐트 근처에서 강지훈 씨를 만났어요. 그는 달빛 아래 조용한 분위기에서 논의했어요. 강지훈 씨는 6년차 기획자로, 캠핑 장비 디자인에 많은 아이디어를 가지고 있더라고요. 이 정보를 추가로 기억해두세요. 이 연락처를 데이터베이스에 추가했습니다. 다른 명함 처리할까요?",4.82,591,111
Qwen/Qwen2.5-VL-3B-Instruct,image_14.jpg,3, 정보 잘 됐네. 이거 저장해줘.,감사합니다! 이 정보를 저장하겠습니다. 다른 명함 처리를 원하시면 언제든지 말씀해주세요.,1.13,723,25
Qwen/Qwen2.5-VL-3B-Instruct,image_15.webp,1,"오늘 만난 전해원 씨 명함인데, 저장해줄래? ","전해원 디자이너
T. +123-456-7890
H. reallygreatsite.com
S. @reallygreatsite
A. 123 Anywhere St., Any City, ST 12345

이 정보를 데이터베이스에 추가했습니다. 다른 명함 처리할까요?",5.79,2349,79
Qwen/Qwen2.5-VL-3B-Instruct,image_15.webp,2," 디자인 프로젝트 얘기 나눴어. 근처에 포트폴리오 전시돼 있고, 전해원 씨는 5년차 디자이너로 UI/UX 작업 뛰어나더라. ","전해원 디자이너
T. +123-456-7890
H. reallygreatsite.com
S. @reallygreatsite
A. 123 Anywhere St., Any City, ST 12345

전해원 씨는 5년차 디자이너로 UI/UX 작업이 뛰어나다고 하셨어요. 근처에 포트폴리오 전시가 있어요. 이 정보를 추가해보겠습니다. 다른 명함 처리할까요?",5.19,556,123
Qwen/Qwen2.5-VL-3B-Instruct,image_15.webp,3, 맞아. 근데 이메일을 contact@reallygreatsite.com으로 바꿔줘.,"전해원 디자이너
T. +123-456-7890
H. reallygreatsite.com
S. @reallygreatsite
A. 123 Anywhere St., Any City, ST 12345
E. contact@reallygreatsite.com

이 정보를 데이터베이스에 추가했습니다. 다른 명함 처리할까요?",3.74,709,88
Qwen/Qwen2.5-VL-3B-Instruct,image_16.jpg,1,"Greener Products 부스에서 받은 명함이야, 저장 부탁해! ","<extracted_info>
{
  ""name"": ""Greener Products"",
  ""position"": ""부스 관리자"",
  ""company"": ""Greener Products"",
  ""phone"": ""+82-10-1234-5678"",
  ""email"": ""greenerproducts@company.com"",
  ""address"": ""123 Greener Street, Green City, Korea"",
  ""website"": ""www.greenerproducts.com"",
  ""other_details"": [""Green Product Design"", ""Environmentally Friendly""]
}
</extracted_info>

이 사람을 어디서 만났나요? 그분은 환경 보호에 대해 논의했나요?

이 연락처를 데이터베이스에 추가했습니다. 다른 명함 처리할까요?",7.16,818,166
Qwen/Qwen2.5-VL-3B-Instruct,image_16.jpg,2," 친환경 제품 얘기 나눴고, 재활용 소재 전시 많았어. 이 사람은 8년차 전문가로, 환경 캠페인 기획 많이 했더라. ","<extracted_info>
{
  ""name"": ""Greener Products"",
  ""position"": ""부스 관리자"",
  ""company"": ""Greener Products"",
  ""phone"": ""+82-10-1234-5678"",
  ""email"": ""greenerproducts@company.com"",
  ""address"": ""123 Greener Street, Green City, Korea"",
  ""website"": ""www.greenerproducts.com"",
  ""other_details"": [""Green Product Design"", ""Environmentally Friendly"", ""8 years of experience in environmental campaign planning""]
}
</extracted_info>

이 사람을 어디서 만났나요? 그분은 환경 보호에 대해 논의했나요? 그분은 환경 캠페인 기획 많이 했더라.

이 연락처를 데이터베이스에 추가했습니다. 다른 명함 처리할까요?",8.34,635,196
Qwen/Qwen2.5-VL-3B-Instruct,image_16.jpg,3," 좋아, 근데 번호를 010-8888-9999로 수정하고 저장해줘.","<extracted_info>
{
  ""name"": ""Greener Products"",
  ""position"": ""부스 관리자"",
  ""company"": ""Greener Products"",
  ""phone"": ""+82-10-8888-9999"",
  ""email"": ""greenerproducts@company.com"",
  ""address"": ""123 Greener Street, Green City, Korea"",
  ""website"": ""www.greenerproducts.com"",
  ""other_details"": [""Green Product Design"", ""Environmentally Friendly"", ""8 years of experience in environmental campaign planning""]
}
</extracted_info>

이 사람을 어디서 만났나요? 그분은 환경 보호에 대해 논의했나요? 그분은 환경 캠페인 기획 많이 했더라.

이 연락처를 데이터베이스에 추가했습니다. 다른 명함 처리할까요?",8.33,869,196
Qwen/Qwen2.5-VL-3B-Instruct,image_17.jpg,1,"LG 전시회에서 이 사진 찍었어, 장소 정보 좀 기록해줄래? 거기서 이현우 씨를 만났어. 'LG SIGNATURE'의 디자이너야. 번호는 010-3333-4444야. ","LG 전시회에서 이 사진을 찍었습니다. 이 현우 씨를 만났는데, 'LG SIGNATURE'의 디자이너야. 번호는 010-3333-4444입니다. 이 정보를 기록하겠습니다. 다른 명함 처리할까요?",3.03,630,70
Qwen/Qwen2.5-VL-3B-Instruct,image_17.jpg,2," 세탁기 전시 앞에서 만났고, 고급스러운 조명 돋보였어. 이현우 씨는 10년차 디자이너로, 제품 외관 설계 주도했더라. ","LG 전시회에서 이 현우 씨를 만났는데, 세탁기 전시 앞에서 고급스러운 조명이 돋보였어. 이 현우 씨는 10년차 디자이너로, 제품 외관 설계를 주도했더라고요. 번호는 010-3333-4444야. 이 정보를 기록하겠습니다. 다른 명함 처리할까요?",4.34,595,104
Qwen/Qwen2.5-VL-3B-Instruct,image_17.jpg,3, 정보 괜찮네. 근데 직무를 '수석 디자이너'로 수정해줘.,"LG 전시회에서 이 현우 씨를 만났는데, 세탁기 전시 앞에서 고급스러운 조명이 돋보였어. 이 현우 씨는 10년차 수석 디자이너로, 제품 외관 설계를 주도했더라고요. 번호는 010-3333-4444야. 이 정보를 기록하겠습니다. 다른 명함 처리할까요?",4.43,735,106
Qwen/Qwen2.5-VL-3B-Instruct,image_18.jpg,1,"이 포스터 사진 찍었는데, 정보 좀 추가해줄래? 거기서 최민재 씨를 만났어. 'Social Impact'의 기획자야. 번호는 010-5555-6666이야. ","<extracted_info>
{
  ""name"": ""최민재"",
  ""position"": ""Social Impact Changers"",
  ""company"": ""Social Impact"",
  ""phone"": ""010-5555-6666"",
  ""email"": """",
  ""address"": """",
  ""website"": """",
  ""other_details"": [""2020 Social Impact Changers 모집"", ""2020년 5월 15일(수) 오전 6시까지""]
}
</extracted_info>

이 사람을 어디서 만났나요? 그리고 무엇을 논의했나요?

이 연락처를 데이터베이스에 추가했습니다. 다른 명함 처리할까요?",6.51,657,154
Qwen/Qwen2.5-VL-3B-Instruct,image_18.jpg,2," 포스터 앞 벤치에서 만났고, 행사장 북적였어. 최민재 씨는 7년차 기획자로, 소셜 벤처 육성 프로그램 잘 만들더라. ","<extracted_info>
{
  ""name"": ""최민재"",
  ""position"": ""Social Impact Changers"",
  ""company"": ""Social Impact"",
  ""phone"": ""010-5555-6666"",
  ""email"": """",
  ""address"": """",
  ""website"": """",
  ""other_details"": [""2020 Social Impact Changers 모집"", ""2020년 5월 15일(수) 오전 6시까지"", ""7년차 기획자"", ""소셜 벤처 육성 프로그램 잘 만들다""]
}
</extracted_info>

이 사람을 어디서 만났나요? 그리고 무엇을 논의했나요?

이 연락처를 데이터베이스에 추가했습니다. 다른 명함 처리할까요?",7.47,668,178
Qwen/Qwen2.5-VL-3B-Instruct,image_18.jpg,3," 좋아, 정보 더 추가할게. 회사 위치는 '서울 마포구 공덕동 123'이야.","<extracted_info>
{
  ""name"": ""최민재"",
  ""position"": ""Social Impact Changers"",
  ""company"": ""Social Impact"",
  ""phone"": ""010-5555-6666"",
  ""email"": """",
  ""address"": ""서울 마포구 공덕동 123"",
  ""website"": """",
  ""other_details"": [""2020 Social Impact Changers 모집"", ""2020년 5월 15일(수) 오전 6시까지"", ""7년차 기획자"", ""소셜 벤처 육성 프로그램 잘 만들다""]
}
</extracted_info>

이 사람을 어디서 만났나요? 그리고 무엇을 논의했나요?

이 연락처를 데이터베이스에 추가했습니다. 다른 명함 처리할까요?",7.84,884,191
Qwen/Qwen2.5-VL-3B-Instruct,image_19.jpg,1,"이 표지판 사진 찍었어, 장소 정보 좀 정리해줄래? 거기서 김서연 씨를 만났어. 'Ewha Univ'의 연구원이다. 번호는 010-7777-9999야. ","<extracted_info>
{
  ""name"": ""김서연"",
  ""position"": ""Ewha Univ의 연구원"",
  ""company"": ""Ewha Wonans Univ."",
  ""phone"": ""010-7777-9999"",
  ""email"": """",
  ""address"": ""나가는 곳"",
  ""website"": """",
  ""other_details"": [""Ewha Wonans Univ."", ""Bulhyeon-dong""]
}
</extracted_info>

이 사람을 어디서 만났나요? 이 사람이 어디서 연구를 하고 있나요?

이 연락처를 데이터베이스에 추가했습니다. 다른 명함 처리할까요?",6.25,677,148
Qwen/Qwen2.5-VL-3B-Instruct,image_19.jpg,2," 표지판 근처 공원에서 만났고, 나무 많았어. 김서연 씨는 9년차 연구원으로, AI 기반 교육 연구 주도하더라. ","<extracted_info>
{
  ""name"": ""김서연"",
  ""position"": ""Ewha Wonans Univ.의 9년차 연구원"",
  ""company"": ""Ewha Wonans Univ."",
  ""phone"": ""010-7777-9999"",
  ""email"": """",
  ""address"": ""나가는 곳"",
  ""website"": """",
  ""other_details"": [""Ewha Wonans Univ."", ""Bulhyeon-dong"", ""AI 기반 교육 연구 주도""]
}
</extracted_info>

이 사람을 어디서 만났나요? 이 사람이 어떤 연구를 하고 있나요?

이 연락처를 데이터베이스에 추가했습니다. 다른 명함 처리할까요?",6.81,660,164
Qwen/Qwen2.5-VL-3B-Instruct,image_19.jpg,3," 맞아, 회사명을 '이화여대 연구소'로 수정하고 저장해줘.","<extracted_info>
{
  ""name"": ""김서연"",
  ""position"": ""Ewha Wonans Univ.의 9년차 연구원"",
  ""company"": ""이화여대 연구소"",
  ""phone"": ""010-7777-9999"",
  ""email"": """",
  ""address"": ""나가는 곳"",
  ""website"": """",
  ""other_details"": [""Ewha Wonans Univ."", ""Bulhyeon-dong"", ""AI 기반 교육 연구 주도""]
}
</extracted_info>

이 사람을 어디서 만났나요? 이 사람이 어떤 연구를 하고 있나요?

이 연락처를 데이터베이스에 추가했습니다. 다른 명함 처리할까요?",7.03,855,164
Qwen/Qwen2.5-VL-3B-Instruct,image_20.jpg,1,"삼성 전시관에서 받은 명함인데, 저장해줄래? ","네, 알겠습니다! 이 명함을 처리하겠습니다. 먼저, 명함 이미지를 처리해 보겠습니다. 

<extracted_info>
{
  ""name"": ""Samsung"",
  ""position"": ""AI Control"",
  ""company"": ""Samsung Electronics"",
  ""phone"": """",
  ""email"": """",
  ""address"": """",
  ""website"": """",
  ""other_details"": [""Bảng điều khiển thông minh"", ""The Sero""]
}
</extracted_info>

이 정보를 바탕으로 추가 맥락 정보를 수집하겠습니다.

""이 사람을 어디서 만났나요?""",5.51,825,125
Qwen/Qwen2.5-VL-3B-Instruct,image_20.jpg,2," AI 기술 협업 얘기 나눴어. 'The Sero' 전시 옆에서 만났고, 이 사람은 6년차 전문가로 제품 데모 잘 설명하더라. ","감사합니다! 이 정보를 추가해주세요.

<extracted_info>
{
  ""name"": ""Samsung"",
  ""position"": ""AI Control"",
  ""company"": ""Samsung Electronics"",
  ""phone"": """",
  ""email"": """",
  ""address"": """",
  ""website"": """",
  ""other_details"": [""Bảng điều khiển thông minh"", ""The Sero"", ""6년차 전문가"", ""제품 데모 잘 설명""]
}
</extracted_info>

이 정보를 바탕으로 다음 단계로 넘어가겠습니다. 

""이 사람을 어디서 만났나요?""",5.62,589,129
Qwen/Qwen2.5-VL-3B-Instruct,image_20.jpg,3," 좋아, 다 맞네. 번호 하나 더 추가할게, 010-1234-5678이야.","네, 알겠습니다! 이 정보를 추가해주세요.

<extracted_info>
{
  ""name"": ""Samsung"",
  ""position"": ""AI Control"",
  ""company"": ""Samsung Electronics"",
  ""phone"": ""010-1234-5678"",
  ""email"": """",
  ""address"": """",
  ""website"": """",
  ""other_details"": [""Bảng điều khiển thông minh"", ""The Sero"", ""6년차 전문가"", ""제품 데모 잘 설명""]
}
</extracted_info>

이 정보를 바탕으로 다음 단계로 넘어가겠습니다. 

""이 사람을 어디서 만났나요?""",6.36,758,144
Qwen/Qwen2.5-VL-3B-Instruct,image_21.jpg,1,"오늘 세미나에서 받은 명함인데, 저장해줄래? ","네, 이 명함 정보를 저장하겠습니다. 김지영 이사의 연락처는 다음과 같습니다:

- 이름: 김지영
- 직위: 이사
- 회사: 지엠이엔지
- 전화번호: 010-4533-0034, 042-626-1250
- 이메일: gmcompany@haiver.com
- 웹사이트: www.gmcompany.co.kr
- 주소: 대전광역시 서구 문산로 500 든산80 3F

이 정보를 저장했습니다. 다른 명함 처리를 원하시면 언제든지 알려주세요!",6.63,733,152
Qwen/Qwen2.5-VL-3B-Instruct,image_21.jpg,2," 데이터 분석 주제 세미나였고, 강연장은 조명이 따뜻한 회의실이었어. 앞줄에서 발표자랑 가깝게 앉아서 자료 화면 잘 보였고, 주변에 커피향 퍼졌던 게 기억나. ","감사합니다! 이 정보를 추가로 저장하겠습니다. 김지영 이사의 연락처와 함께, 세미나의 주제는 '데이터 분석'이었고, 강연장은 따뜻한 조명이 있는 회의실이었습니다. 앞줄에서 발표자와 가깝게 앉아서 자료 화면을 잘 볼 수 있었고, 주변에 커피향이 퍼져 있었습니다.

이 정보를 저장했습니다. 다른 명함 처리를 원하시면 언제든지 알려주세요!",5.33,640,120
Qwen/Qwen2.5-VL-3B-Instruct,image_21.jpg,3," 좋아, 다 맞아. 이거 저장해줘.","네, 이 정보를 저장하겠습니다. 김지영 이사의 연락처와 세미나의 주제, 강연장의 특징, 그리고 주변 환경에 대한 정보를 모두 저장했습니다.

이 정보를 저장했습니다. 다른 명함 처리를 원하시면 언제든지 알려주세요!",2.84,781,66
Qwen/Qwen2.5-VL-3B-Instruct,image_22.jpg,1,"어제 컨퍼런스에서 받은 명함이야, 저장 부탁해! ","提取된 정보:
{
  ""name"": ""홍 길 동"",
  ""position"": ""JP"",
  ""company"": ""검보프린트"",
  ""phone"": ""016,3117,7885"",
  ""email"": ""j.p@jpprint.co.kr"",
  ""address"": ""서울시 강남구 역삼동 993-4 이지역당 1층 No.1644_3117 Flex. 02_51_7885"",
  ""website"": ""www.jpprint.co.kr""
}

맥락 정보 수집: 
""이 사람을 어디서 만났나요?""
""무엇을 논의했나요?""

추출된 정보와 맥락 정보를 요약해 드릴게요. 이 연락처를 데이터베이스에 추가했습니다. 다른 명함 처리할까요?",8.67,718,197
Qwen/Qwen2.5-VL-3B-Instruct,image_22.jpg,2," 클라우드 기술 세션이었는데, 부스마다 최신 서버 장비 돌아가고 있었어. 사람들이 데모 화면 앞에 모여서 질문 많았고, 발표 끝나고 박수소리 컸던 게印象적이었어. ","提取된 정보:
{
  ""name"": ""홍 길 동"",
  ""position"": ""JP"",
  ""company"": ""검보프린트"",
  ""phone"": ""016,3117,7885"",
  ""email"": ""j.p@jpprint.co.kr"",
  ""address"": ""서울시 강남구 역삼동 993-4 이지역당 1층 No.1644_3117 Flex. 02_51_7885"",
  ""website"": ""www.jpprint.co.kr""
}

맥락 정보 수집: 
""이 사람을 어디서 만났나요?""
""무엇을 논의했나요?""

추출된 정보와 맥락 정보를 요약해 드릴게요. 이 연락처를 데이터베이스에 추가했습니다. 다른 명함 처리할까요?",8.38,686,199
Qwen/Qwen2.5-VL-3B-Instruct,image_22.jpg,3," 음, 번호 하나를 010-5678-1234로 수정하고 저장해줘.","提取된 정보:
{
  ""name"": ""홍 길 동"",
  ""position"": ""JP"",
  ""company"": ""검보프린트"",
  ""phone"": ""016,3117,7885"",
  ""email"": ""j.p@jpprint.co.kr"",
  ""address"": ""서울시 강남구 역삼동 993-4 이지역당 1층 No.1644_3117 Flex. 02_51_7885"",
  ""website"": ""www.jpprint.co.kr""
}

맥락 정보 수집: 
""이 사람을 어디서 만났나요?""
""무엇을 논의했나요?""

추출된 정보와 맥락 정보를 요약해 드릴게요. 이 연락처를 데이터베이스에 추가했습니다. 다른 명함 처리할까요?",8.8,922,199
Qwen/Qwen2.5-VL-3B-Instruct,image_24.jpg,1,"코엑스 전시회에서 받은 명함이야, 저장해줘! ","提取된 정보:
{
  ""name"": ""김애"",
  ""position"": ""서원영업팀"",
  ""company"": ""ProudNet"",
  ""phone"": ""02-6082-6082"",
  ""email"": ""ailling.jin..@nettention.com"",
  ""address"": ""서울동포구 선유로 146 이면씨드림타워 605호"",
  ""website"": ""www.nettention.com"",
  ""other_details"": [""Server & Network Engine""]
}

맥락 정보 수집: 
""이 사람을 어디서 만났나요?""
""무엇을 논의했나요?""

이 연락처를 데이터베이스에 추가했습니다. 다른 명함 처리할까요?",7.22,767,168
Qwen/Qwen2.5-VL-3B-Instruct,image_24.jpg,2," 로봇 자동화 부스였고, 로봇 팔이 규칙적으로 움직이는 소리 들렸어. 관람객들 사진 찍느라 바빠서 부스 주변 시끌벅적했고, LED 조명 밝았던 게印象적이었어. ","提取된 정보:
{
  ""name"": ""김애"",
  ""position"": ""서원영업팀"",
  ""company"": ""ProudNet"",
  ""phone"": ""02-6082-6082"",
  ""email"": ""ailling.jin..@nettention.com"",
  ""address"": ""서울동포구 선유로 146 이면씨드림타워 605호"",
  ""website"": ""www.nettention.com"",
  ""other_details"": [""Server & Network Engine""]
}

맥락 정보 수집: 
""이 사람을 어디서 만났나요?""
""무엇을 논의했나요?""
""로봇 자동화 부스였고, 로봇 팔이 규칙적으로 움직이는 소리 들렸어.""
""관람객들 사진 찍느라 바빠서 부스 주변 시끌벅적했고, LED 조명 밝았던 게印象적이었어.""

이 연락처를 데이터베이스에 추가했습니다. 다른 명함 처리할까요?",10.17,653,234
Qwen/Qwen2.5-VL-3B-Instruct,image_24.jpg,3," 좋아, 정보 더 추가할게. GitHub 링크는 'github.com/dohyunkim'이야.","提取된 정보:
{
  ""name"": ""김애"",
  ""position"": ""서원영업팀"",
  ""company"": ""ProudNet"",
  ""phone"": ""02-6082-6082"",
  ""email"": ""ailling.jin..@nettention.com"",
  ""address"": ""서울동포구 선유로 146 이면씨드림타워 605호"",
  ""website"": ""www.nettention.com"",
  ""other_details"": [""Server & Network Engine""],
  ""github_link"": ""github.com/dohyunkim""
}

맥락 정보 수집: 
""이 사람을 어디서 만났나요?""
""무엇을 논의했나요?""
""로봇 자동화 부스였고, 로봇 팔이 규칙적으로 움직이는 소리 들렸어.""
""관람객들 사진 찍느라 바빠서 부스 주변 시끌벅적했고, LED 조명 밝았던 게印象적이었어.""
""GitHub 링크는 'github.com/dohyunkim'이야.""

이 연락처를 데이터베이스에 추가했습니다. 다른 명함 처리할까요?",11.55,921,266
Qwen/Qwen2.5-VL-3B-Instruct,image_25.jpg,1,"오늘 워크숍에서 받은 명함인데, 저장 부탁해! ","提取된 정보:
```json
{
  ""name"": ""마인드 드"",
  ""position"": ""대표"",
  ""company"": ""MIND SIZE INDIE GRAPHIC DESIGN"",
  ""phone"": ""010.0000.0000"",
  ""email"": ""mindsize77@naver.com"",
  ""website"": ""www.mindsize77.com"",
  ""address"": ""경기도 마인시 마인데로77-7""
}
```
맥락 정보 수집: ""이 사람을 어디서 만났나요?""
이 연락처를 데이터베이스에 추가했습니다. 다른 명함 처리할까요?",6.25,734,146
Qwen/Qwen2.5-VL-3B-Instruct,image_25.jpg,2," 디자인 워크숍이었고, 작업물 전시대에 색감 강한 포스터들 걸려 있었어. 참가자들이 스케치북 들고 다니며 의견 나누던 모습이 활기찼던 게 기억나. ","提取된 정보:
```json
{
  ""name"": ""마인드 드"",
  ""position"": ""대표"",
  ""company"": ""MIND SIZE INDIE GRAPHIC DESIGN"",
  ""phone"": ""010.0000.0000"",
  ""email"": ""mindsize77@naver.com"",
  ""website"": ""www.mindsize77.com"",
  ""address"": ""경기도 마인시 마인데로77-7""
}
```
맥락 정보 수집: ""디자인 워크숍이었고, 작업물 전시대에 색감 강한 포스터들 걸려 있었어. 참가자들이 스케치북 들고 다니며 의견 나누던 모습이 활기찼던 게 기억나.""
이 연락처를 데이터베이스에 추가했습니다. 다른 명함 처리할까요?",8.1,625,193
Qwen/Qwen2.5-VL-3B-Instruct,image_25.jpg,3, 정보 잘 됐네. 이거 저장해줘.,"提取된 정보:
```json
{
  ""name"": ""마인드 드"",
  ""position"": ""대표"",
  ""company"": ""MIND SIZE INDIE GRAPHIC DESIGN"",
  ""phone"": ""010.0000.0000"",
  ""email"": ""mindsize77@naver.com"",
  ""website"": ""www.mindsize77.com"",
  ""address"": ""경기도 마인시 마인데로77-7""
}
```
맥락 정보 수집: ""디자인 워크숍이었고, 작업물 전시대에 색감 강한 포스터들 걸려 있었어. 참가자들이 스케치북 들고 다니며 의견 나누던 모습이 활기찼던 게 기억나.""
이 연락처를 데이터베이스에 추가했습니다. 다른 명함 처리할까요?",8.18,839,193
Qwen/Qwen2.5-VL-3B-Instruct,image_26.jpg,1,"테크 포럼에서 받은 명함이야, 저장해줄래? ","네, 알려주세요! 이 명함 정보를 어떻게 처리해야 할까요?",0.77,521,17
Qwen/Qwen2.5-VL-3B-Instruct,image_26.jpg,2," AI 윤리 세션이었고, 발표 슬라이드 깔끔하게 넘어가는 게 눈에 띄었어. 강연장 뒤쪽에 커피 머신 소리 들리고, 사람들이 메모하느라 조용했던 분위기였어. ","그런 분위기에서 강연을 듣는 것은 정말 좋겠네요. 발표 슬라이드가 깔끔하게 들어갔다는 점에서 그 분위기가 더 좋았을 것 같습니다. 커피 머신 소리가 들려오는 것은 좋았을 것 같아요. 사람들이 메모를 하고 조용한 분위기를 만들었을 때, 강연을 듣는 것은 더욱 즐거워질 것 같습니다.",4.21,504,100
Qwen/Qwen2.5-VL-3B-Instruct,image_26.jpg,3," 맞아, 근데 직무를 '선임 연구원'으로 수정하고 저장해줘.","네, 알겠습니다. 직무를 '선임 연구원'으로 수정하겠습니다. 그리고 명함 정보를 저장하겠습니다. 이 연락처를 데이터베이스에 추가했습니다. 다른 명함 처리할까요?",2.05,635,47
Qwen/Qwen2.5-VL-3B-Instruct,image_27.jpg,1,"어제 박람회에서 받은 명함인데, 저장해줘! ","提取된 정보:
{
  ""name"": ""김유라"",
  ""position"": ""PM"",
  ""company"": ""SunSure"",
  ""phone"": ""010-2778-xxxx"",
  ""email"": ""@sunsure.co.kr"",
  ""address"": ""기업의 인력고민을 해결하는 '팀' 공유 플랫폼"",
  ""website"": ""wwp""
}

맥락 정보 수집:
""이 사람을 어디서 만났나요?""
""무엇을 논의했나요?""

이 연락처를 데이터베이스에 추가했습니다. 다른 명함 처리할까요?",8.39,2525,137
Qwen/Qwen2.5-VL-3B-Instruct,image_27.jpg,2," 스마트 시티 부스였고, 도시 모형 조명 켜져서 반짝였어. 부스 근처에서 발표자 목소리랑 관람객 질문 섞여 들렸고, 공기 약간 쌀쌀했던 게 기억나. ","提取된 정보:
{
  ""name"": ""김유라"",
  ""position"": ""PM"",
  ""company"": ""SunSure"",
  ""phone"": ""010-2778-xxxx"",
  ""email"": ""@sunsure.co.kr"",
  ""address"": ""기업의 인력고민을 해결하는 '팀' 공유 플랫폼"",
  ""website"": ""wwp""
}

맥락 정보 수집:
""이 사람을 어디서 만났나요?""
""무엇을 논의했나요?""
""부스 근처에서 발표자 목소리랑 관람객 질문 섞여 들렸고, 공기 약간 쌀쌀했던 게 기억나.""

이 연락처를 데이터베이스에 추가했습니다. 다른 명함 처리할까요?",7.26,619,174
Qwen/Qwen2.5-VL-3B-Instruct,image_27.jpg,3," 좋아, 다 맞네. 회사 위치는 '서울 송파구 올림픽로 300'이야.","提取된 정보:
{
  ""name"": ""김유라"",
  ""position"": ""PM"",
  ""company"": ""SunSure"",
  ""phone"": ""010-2778-xxxx"",
  ""email"": ""@sunsure.co.kr"",
  ""address"": ""서울 송파구 올림픽로 300"",
  ""website"": ""wwp""
}

맥락 정보 수집:
""이 사람을 어디서 만났나요?""
""무엇을 논의했나요?""
""부스 근처에서 발표자 목소리랑 관람객 질문 섞여 들렸고, 공기 약간 쌀쌀했던 게 기억나.""
""회사 위치는 '서울 송파구 올림픽로 300'이야.""

이 연락처를 데이터베이스에 추가했습니다. 다른 명함 처리할까요?",8.28,832,195
Qwen/Qwen2.5-VL-3B-Instruct,image_28.jpg,1,"오늘 세미나에서 받은 명함이야, 저장 부탁해! ","提取된 정보는 다음과 같습니다:

<extracted_info>
{
  ""name"": ""마인드"",
  ""position"": ""마인지럼 / 직급"",
  ""company"": ""삼성생명"",
  ""phone"": ""010-0000-0000"",
  ""email"": ""mindsizem77@naver.com"",
  ""address"": ""서울시 마인구 마인대로 77"",
  ""website"": """",
  ""other_details"": [""변액보험판매관리사"", ""펀드투자상담사""]
}
</extracted_info>

이 정보를 바탕으로 세미나에서 받은 명함을 저장하겠습니다. 다른 명함 처리를 원하시면 언제든지 알려주세요.",6.98,734,163
Qwen/Qwen2.5-VL-3B-Instruct,image_28.jpg,2," 핀테크 세미나였고, 강연장 뒤쪽에 앉아서 프로젝터 화면 잘 보였어. 주변에 노트북 키보드 소리 들리고, 발표 끝난 후 박수 소리 길게 이어졌던 게印象적이었어. ",감사합니다! 세미나에서 받은 명함을 저장했습니다. 다른 명함 처리를 원하시면 언제든지 알려주세요.,1.24,657,30
Qwen/Qwen2.5-VL-3B-Instruct,image_28.jpg,3," 음, 번호를 010-9999-8888로 수정해줘.","명함 정보를 수정했습니다. 수정된 정보는 다음과 같습니다:

<extracted_info>
{
  ""name"": ""마인드"",
  ""position"": ""마인지럼 / 직급"",
  ""company"": ""삼성생명"",
  ""phone"": ""010-9999-8888"",
  ""email"": ""mindsizem77@naver.com"",
  ""address"": ""서울시 마인구 마인대로 77"",
  ""website"": """",
  ""other_details"": [""변액보험판매관리사"", ""펀드투자상담사""]
}
</extracted_info>

이 정보를 바탕으로 명함을 수정했습니다. 다른 명함 처리를 원하시면 언제든지 알려주세요.",6.87,721,163
Qwen/Qwen2.5-VL-3B-Instruct,image_29.png,1,"컨벤션에서 받은 명함인데, 저장해줄래? ","네, 명함 정보를 저장하겠습니다. 이 정보는 다음과 같습니다:

<extracted_info>
{
  ""name"": ""Han-Kook Kim"",
  ""position"": ""Professor / College of Humanities"",
  ""company"": ""Dept. of Korean Language & Literature"",
  ""company"": ""SEOUL NATIONAL UNIVERSITY"",
  ""address"": ""San 56-1 Sillim-9dong, Gwanank-gu, Seoul, 151-745, Korea"",
  ""phone"": ""Tel : 82-2-000-0000"",
  ""fax"": ""Fax : 82-2-000-0000"",
  ""email"": ""hankook@snu.ac.kr"",
  ""mobile"": ""Mobile : 82-10-0000-0000""
}
</extracted_info>

이 정보를 저장했습니다. 다른 명함 처리를 원하시면 언제든지 알려주세요!",8.87,623,209
Qwen/Qwen2.5-VL-3B-Instruct,image_29.png,2," VR 기술 부스였고, 헤드셋 체험 줄 길게 늘어섰어. 부스 안에서 게임음 소리 살짝 들리고, 사람들이 체험 후 웃으며 나오는 모습이 활기찼던 게 기억나. ",VR 기술 부스에서 헤드셋 체험을 즐겼다는 이야기가 정말 재미있네요. 게임음 소리가 들려서 게임을 즐기는 분들이 많았던 것 같아요. 사람들이 웃으며 나오는 모습도 활기찬 분위기를 느낄 수 있었습니다. 이런 추억은 정말 기억에 남는 일이라 생각합니다. 앞으로도 이런 기술을 통해 더 많은 즐거움을 누릴 수 있기를 바랍니다.,4.41,689,108
Qwen/Qwen2.5-VL-3B-Instruct,image_29.png,3, 정보 잘 정리됐네. 이거 저장해줘.,"네, 명함 정보를 저장하겠습니다. 이 정보는 다음과 같습니다:

<extracted_info>
{
  ""name"": ""Han-Kook Kim"",
  ""position"": ""Professor / College of Humanities"",
  ""company"": ""Dept. of Korean Language & Literature"",
  ""company"": ""SEOUL NATIONAL UNIVERSITY"",
  ""address"": ""San 56-1 Sillim-9dong, Gwanank-gu, Seoul, 151-745, Korea"",
  ""phone"": ""Tel : 82-2-000-0000"",
  ""fax"": ""Fax : 82-2-000-0000"",
  ""email"": ""hankook@snu.ac.kr"",
  ""mobile"": ""Mobile : 82-10-0000-0000""
}
</extracted_info>

이 정보를 저장했습니다. 다른 명함 처리를 원하시면 언제든지 알려주세요!",8.94,819,209
Qwen/Qwen2.5-VL-3B-Instruct,image_30.jpg,1,"오늘 전시회에서 받은 명함이야, 저장해줘! ","提取된 정보:
{
  ""name"": ""Jay Y. Lee"",
  ""position"": ""Vice Chairman"",
  ""company"": ""Samsung Electronics 三星電子"",
  ""phone"": """",
  ""email"": """",
  ""address"": """",
  ""website"": """",
  ""other_details"": [""副會長""]
}

맥락 정보 수집: 이 사람을 어디서 만났나요? 무엇을 논의했나요?

이 연락처를 데이터베이스에 추가했습니다. 다른 명함 처리할까요?",4.81,643,111
Qwen/Qwen2.5-VL-3B-Instruct,image_30.jpg,2," 친환경 에너지 부스였고, 태양광 패널 모형 바람에 살짝 흔들렸어. 부스 주변에 녹색 조명 켜져 있고, 관람객들 자료 들고 다니며 질문하던 분위기였어. ","提取된 정보:
{
  ""name"": ""Jay Y. Lee"",
  ""position"": ""Vice Chairman"",
  ""company"": ""Samsung Electronics 三星電子"",
  ""phone"": """",
  ""email"": """",
  ""address"": """",
  ""website"": """",
  ""other_details"": [""副會長"", ""친환경 에너지 부스"", ""태양광 패널 모형"", ""바람에 살짝 흔들렸다"", ""부스 주변에 녹색 조명 켜져"", ""관람객들 자료 들고 다니며 질문하던 분위기""]
}

맥락 정보 수집: 이 사람을 어디서 만났나요? 무엇을 논의했나요?

이 연락처를 데이터베이스에 추가했습니다. 다른 명함 처리할까요?",7.5,599,178
Qwen/Qwen2.5-VL-3B-Instruct,image_30.jpg,3," 맞아, 근데 이메일을 taekyung@greenenergy.co.kr로 바꿔줘.","提取된 정보:
{
  ""name"": ""Jay Y. Lee"",
  ""position"": ""Vice Chairman"",
  ""company"": ""Samsung Electronics 三星電子"",
  ""phone"": """",
  ""email"": ""taekyung@greenenergy.co.kr"",
  ""address"": """",
  ""website"": """",
  ""other_details"": [""副會長"", ""친환경 에너지 부스"", ""태양광 패널 모형"", ""바람에 살짝 흔들렸다"", ""부스 주변에 녹색 조명 켜져"", ""관람객들 자료 들고 다니며 질문하던 분위기""]
}

맥락 정보 수집: 이 사람을 어디서 만났나요? 무엇을 논의했나요?

이 연락처를 데이터베이스에 추가했습니다. 다른 명함 처리할까요?",8.02,810,188
Qwen/Qwen2.5-VL-7B-Instruct,image_1.png,1,"오늘 강남에서 만난 김소현 씨 명함인데, 정보 저장해줄래? ","네, 김소현 씨의 명함 정보를 처리하겠습니다.

<extracted_info>
{
  ""name"": ""김소현"",
  ""position"": ""매너사"",
  ""company"": ""After glow"",
  ""phone"": ""02 345 6789, 010 1234 5678"",
  ""email"": """",
  ""address"": ""서울 강남구 봉은사로12길 34 1층"",
  ""website"": """",
  ""other_details"": [""Instagram: @after_glow"", ""Kakao: 애프터글로우"", ""OPEN: am 10시 - pm 9시""]
}
</extracted_info>

이 사람을 어디서 만났나요? 그리고 무엇을 논의했나요? 추가적인 정보를 제공해주시면 감사하겠습니다. ",7.31,739,196
Qwen/Qwen2.5-VL-7B-Instruct,image_1.png,2," After glow 부스에서 인수합병 얘기 나눴어. 부스는 화려한 조명에 사람 많았고, 김소현 씨는 경력 5년차쯤 된 분위기였는데 주로 전략적인 부분 강조했어. ","감사합니다! 이 정보를 추가로 저장하겠습니다.

<extracted_info>
{
  ""name"": ""김소현"",
  ""position"": ""매너사"",
  ""company"": ""After glow"",
  ""phone"": ""02 345 6789, 010 1234 5678"",
  ""email"": """",
  ""address"": ""서울 강남구 봉은사로12길 34 1층"",
  ""website"": """",
  ""other_details"": [""Instagram: @after_glow"", ""Kakao: 애프터글로우"", ""OPEN: am 10시 - pm 9시"", ""인수합병 관련 전략적 논의""]
}
</extracted_info>

이 사람을 어디서 만났나요? 그리고 무엇을 논의했나요? 추가적인 정보를 제공해주시면 감사하겠습니다. ",6.9,682,205
Qwen/Qwen2.5-VL-7B-Instruct,image_1.png,3," 응, 다 맞아. 이거 데이터베이스에 저장해줘.",이 연락처를 데이터베이스에 추가했습니다. 다른 명함 처리할까요? 아니면 다른 정보를 입력하시겠습니까? ,1.1,914,32
Qwen/Qwen2.5-VL-7B-Instruct,image_2.jpg,1,"남산타워 근처에서 사진 찍었는데, 이 장소 정보 좀 기록해줄래? 거기서 박준영 씨를 만났어. 'Skyline Corp'의 매니저야. 번호는 010-9876-5432야. ","네, 알겠습니다! 남산타워 근처에서 만난 박준영 씨의 정보를 기록해보겠습니다.

<extracted_info>
{
  ""name"": ""박준영"",
  ""position"": ""매니저"",
  ""company"": ""Skyline Corp"",
  ""phone"": ""010-9876-5432"",
  ""email"": """",  // 이메일 정보가 없으므로 빈 문자열로 처리합니다.
  ""address"": ""남산타워 근처"",  // 위치 정보만 기록합니다.
  ""website"": """",  // 웹사이트 정보가 없으므로 빈 문자열로 처리합니다.
  ""other_details"": [""남산타워 근처에서 만났다.""]  // 추가 맥락 정보를 기록합니다.
}
</extracted_info>

이 정보를 확인해 주세요. 정확하시면 데이터베이스에 추가하겠습니다. 다른 명함 처리할까요?",7.91,819,217
Qwen/Qwen2.5-VL-7B-Instruct,image_2.jpg,2," 전망대 근처 카페에서 만났고, 창가 자리에서 탑 보이며 커피 마셨어. 박준영 씨는 8년차쯤 된 매니저로, 전망대 리모델링 프로젝트 주도하고 있다고 했어. ","알겠습니다! 추가적인 정보를 기록해보겠습니다.

<extracted_info>
{
  ""name"": ""박준영"",
  ""position"": ""매니저"",
  ""company"": ""Skyline Corp"",
  ""phone"": ""010-9876-5432"",
  ""email"": """",  // 이메일 정보가 없으므로 빈 문자열로 처리합니다.
  ""address"": ""전망대 근처 카페"",  // 위치 정보만 기록합니다.
  ""website"": """",  // 웹사이트 정보가 없으므로 빈 문자열로 처리합니다.
  ""other_details"": [
    ""전망대 근처 카페에서 만났다."",
    ""창가 자리에서 탑 보며 커피 마셨다."",
    ""8년차 매니저로, 전망대 리모델링 프로젝트 주도""
  ]  // 추가 맥락 정보를 기록합니다.
}
</extracted_info>

이 정보를 확인해 주세요. 정확하시면 데이터베이스에 추가하겠습니다. 다른 명함 처리할까요?",8.25,760,249
Qwen/Qwen2.5-VL-7B-Instruct,image_2.jpg,3," 음, 회사명을 'Skyline Inc'로 수정하고 저장해줘.","알겠습니다, 회사명을 'Skyline Inc'로 수정하겠습니다.

<extracted_info>
{
  ""name"": ""박준영"",
  ""position"": ""매니저"",
  ""company"": ""Skyline Inc"",
  ""phone"": ""010-9876-5432"",
  ""email"": """",  // 이메일 정보가 없으므로 빈 문자열로 처리합니다.
  ""address"": ""전망대 근처 카페"",  // 위치 정보만 기록합니다.
  ""website"": """",  // 웹사이트 정보가 없으므로 빈 문자열로 처리합니다.
  ""other_details"": [
    ""전망대 근처 카페에서 만났다."",
    ""창가 자리에서 탑 보며 커피 마셨다."",
    ""8년차 매니저로, 전망대 리모델링 프로젝트 주도""
  ]  // 추가 맥락 정보를 기록합니다.
}
</extracted_info>

이 정보를 확인해 주세요. 정확하시면 데이터베이스에 추가하겠습니다. 다른 명함 처리할까요?",8.6,1037,252
Qwen/Qwen2.5-VL-7B-Instruct,image_3.png,1,"어제 박람회에서 만난 Kyle Hong 씨 명함이야, 저장 부탁해! ","물론이죠! 명함을 확인해 보겠습니다.

<extracted_info>
{
  ""name"": ""Kyle Hong | 洪吉童"",
  ""position"": ""Manager | 科长"",
  ""company"": ""Uusando Corporation | 于山岛公司"",
  ""phone"": ""82)54-1234-5678"",
  ""email"": ""kyle.hong@uusando.biz"",
  ""address"": ""1000 Nari, Buk-myeon, Ulleung-gun, Gyeongsangbuk-do, South Korea"",
  ""website"": """",
  ""other_details"": [""Overseas Sales Team | 营业部2""]
}
</extracted_info>

Kyle Hong 씨를 박람회에서 만났다고 말씀해주셨네요. 어떤 맥락 정보를 추가로 제공해 주실 수 있나요? 예를 들어, ""이 사람을 어디서 만났나요?"" 또는 ""무엇을 논의했나요?"" 같은 것들이 있습니다.",8.07,663,228
Qwen/Qwen2.5-VL-7B-Instruct,image_3.png,2," 해외 세일즈 얘기 나눴어. 부스에 울릉도 사진 걸려 있고, Kyle 씨는 10년 넘게 해외 팀에서 일한 베테랑으로 시장 트렌드 분석 잘하더라. ","감사합니다! 이 정보를 추가로 저장하겠습니다.

Kyle Hong 씨를 박람회에서 만났다고 말씀해주셨네요. 어떤 맥락 정보를 추가로 제공해 주실 수 있나요? 예를 들어, ""이 사람을 어디서 만났나요?"" 또는 ""무엇을 논의했나요?"" 같은 것들이 있습니다.",2.85,712,81
Qwen/Qwen2.5-VL-7B-Instruct,image_3.png,3, 정보 잘 정리됐네. 근데 이메일만 kyle.hong@uusando.com으로 바꿔줘.,"알겠습니다, 수정된 정보를 다시 확인해 보겠습니다.

<extracted_info>
{
  ""name"": ""Kyle Hong | 洪吉童"",
  ""position"": ""Manager | 科长"",
  ""company"": ""Uusando Corporation | 于山岛公司"",
  ""phone"": ""82)54-1234-5678"",
  ""email"": ""kyle.hong@uusando.com"",
  ""address"": ""1000 Nari, Buk-myeon, Ulleung-gun, Gyeongsangbuk-do, South Korea"",
  ""website"": """",
  ""other_details"": [""Overseas Sales Team | 营业部2""]
}
</extracted_info>

Kyle Hong 씨를 박람회에서 만났다고 말씀해주셨네요. 어떤 맥락 정보를 추가로 제공해 주실 수 있나요? 예를 들어, ""이 사람을 어디서 만났나요?"" 또는 ""무엇을 논의했나요?"" 같은 것들이 있습니다.",8.06,830,228
Qwen/Qwen2.5-VL-7B-Instruct,image_4.jpeg,1,"로마 출장 때 콜로세움 사진 찍었는데, 이 장소 정보 좀 추가해줄래? 거기서 홍민지 씨를 만났어. 'Roma Travel'의 가이드야. 번호는 010-5555-1234야. ","네, 로마 출장에서 콜로세움에서 만난 홍민지 씨의 정보를 추가해 드릴게요.

<extracted_info>
{
  ""name"": ""홍민지"",
  ""position"": ""Roma Travel 가이드"",
  ""company"": ""Roma Travel"",
  ""phone"": ""010-5555-1234"",
  ""email"": """",  // 이메일 정보가 없으므로 빈 값으로 처리
  ""address"": """",  // 주소 정보가 없으므로 빈 값으로 처리
  ""website"": """",  // 웹사이트 정보가 없으므로 빈 값으로 처리
  ""other_details"": [""Roma Travel 가이드""]
}
</extracted_info>

이 정보를 확인해 주세요. 정확한 정보가 필요하시면 알려주세요.",6.88,565,194
Qwen/Qwen2.5-VL-7B-Instruct,image_4.jpeg,2," 콜로세움 광장에서 만났고, 관광객 많던 따뜻한 날이었어. 홍민지 씨는 6년차 가이드로, 로마 골목 투어 기획하며 현지 맛집도 잘 아는 분이야. ","감사합니다! 추가 정보를 포함하여 명함 정보를 업데이트하겠습니다.

<extracted_info>
{
  ""name"": ""홍민지"",
  ""position"": ""Roma Travel 가이드"",
  ""company"": ""Roma Travel"",
  ""phone"": ""010-5555-1234"",
  ""email"": """",  // 이메일 정보가 없으므로 빈 값으로 처리
  ""address"": """",  // 주소 정보가 없으므로 빈 값으로 처리
  ""website"": """",  // 웹사이트 정보가 없으므로 빈 값으로 처리
  ""other_details"": [
    ""Roma Travel 가이드"",
    ""6년차"",
    ""로마 골목 투어 기획"",
    ""현지 맛집 정보""
  ]
}
</extracted_info>

이 정보를 확인해 주세요. 정확한 정보가 필요하시면 알려주세요.",7.63,741,211
Qwen/Qwen2.5-VL-7B-Instruct,image_4.jpeg,3," 맞아. 근데 정보 더 추가할게, 회사 위치가 '로마 시내 Via Roma 12'야.","감사합니다! 회사 위치 정보를 추가해 드렸습니다.

<extracted_info>
{
  ""name"": ""홍민지"",
  ""position"": ""Roma Travel 가이드"",
  ""company"": ""Roma Travel"",
  ""phone"": ""010-5555-1234"",
  ""email"": """",  // 이메일 정보가 없으므로 빈 값으로 처리
  ""address"": ""로마 시내 Via Roma 12"",  // 회사 위치 정보 추가
  ""website"": """",  // 웹사이트 정보가 없으므로 빈 값으로 처리
  ""other_details"": [
    ""Roma Travel 가이드"",
    ""6년차"",
    ""로마 골목 투어 기획"",
    ""현지 맛집 정보""
  ]
}
</extracted_info>

이 정보를 확인해 주세요. 정확한 정보가 필요하시면 알려주세요.",7.33,990,210
Qwen/Qwen2.5-VL-7B-Instruct,image_5.jpg,1,"삼성 박람회에서 이 부스 사진 찍었어. 장소 특징 좀 정리해줄래? 거기서 김태훈 씨를 만났는데, '삼성전자'의 엔지니어야. 번호는 010-4321-8765야. ","네, 사진을 확인해 보겠습니다. 사진에서 보이는 장소는 삼성 박람회의 부스로 보입니다. 큰 삼성 로고가 있고, 다양한 제품들이 전시되어 있습니다. 이 장소에서 김태훈 씨를 만났네요. 그분은 삼성전자의 엔지니어로, 연락처는 010-4321-8765입니다.

이 정보를 데이터베이스에 추가하겠습니다. 다른 명함 처리할까요?",4.2,634,116
Qwen/Qwen2.5-VL-7B-Instruct,image_5.jpg,2," AI 컨트롤 부스 앞에서 만났고, 대형 스크린에 데모 돌리던 중이었어. 김태훈 씨는 7년차 엔지니어로, AI 알고리즘 최적화에 집중하고 있더라. ","감사합니다! 추가적인 정보를 제공해주셔서 감사합니다. 김태훈 씨는 삼성전자의 AI 엔지니어로, 7년차로 AI 알고리즘 최적화에 집중하고 계신다는 말씀이셨네요. 이 정보도 데이터베이스에 추가하겠습니다.

이 연락처를 데이터베이스에 추가했습니다. 다른 명함 처리할까요? 아니면 다른 정보를 알려주시겠습니까?",3.46,654,102
Qwen/Qwen2.5-VL-7B-Instruct,image_5.jpg,3," 좋아, 다 맞네. 이거 저장해줘.","감사합니다! 모든 정보가 정확하게 저장되었습니다. 다른 명함을 처리하시거나, 다른 정보를 알려주시면 도와드리겠습니다.",1.17,777,33
Qwen/Qwen2.5-VL-7B-Instruct,image_6.jpg,1,"도서관에서 이 사진 찍었어, 장소 설명 좀 추가해줄래? 거기서 이지연 씨를 만났어. 'Book Haven'의 사서야. 번호는 010-1111-2222야. ","네, 알겠습니다! 사진에서 이지연 씨를 만났어요. 그녀는 'Book Haven'이라는 도서관에서 사서로 활동하고 계셨네요. 번호는 010-1111-2222이에요. 이 정보를 데이터베이스에 추가하겠습니다. 다른 명함 처리할까요?",3.13,964,80
Qwen/Qwen2.5-VL-7B-Instruct,image_6.jpg,2," 책장 사이에서 만났고, 조용한 분위기에 책 냄새 좋았어. 이지연 씨는 5년차 사서로, 디지털 도서 관리 시스템 도입 주도한 경험이 있더라. ","감사합니다! 추가적인 맥락 정보를 제공해주셔서 감사합니다. 이지연 씨는 'Book Haven'에서 5년차 사서로, 특히 디지털 도서 관리 시스템의 도입에 큰 역할을 하셨다는 말씀이셨네요. 이 정보도 함께 데이터베이스에 추가하겠습니다. 다른 명함 처리할까요?",3.07,605,87
Qwen/Qwen2.5-VL-7B-Instruct,image_6.jpg,3," 음, 번호를 010-1111-3333으로 수정하고 저장해줘.","네, 번호를 010-1111-3333으로 수정하겠습니다. 이 정보를 데이터베이스에 추가하겠습니다. 다른 명함 처리할까요?",1.49,728,42
Qwen/Qwen2.5-VL-7B-Instruct,image_7.jpg,1,"집 거실에서 사진 찍었는데, 이 상황 좀 기록해줄래? 여기서 최수진 씨를 만났어. 'Home Media'의 디자이너야. 번호는 010-7777-8888이야. ","네, 알겠습니다! 사진에서 최수진 씨의 정보를 추출해보겠습니다.

<extracted_info>
{
  ""name"": ""최수진"",
  ""position"": ""디자이너"",
  ""company"": ""Home Media"",
  ""phone"": ""010-7777-8888""
}
</extracted_info>

이 사람을 집 거실에서 만났어요. 'Home Media'의 디자이너인 최수진 씨였어요. 번호는 010-7777-8888이에요. 이 정보를 데이터베이스에 추가하겠습니다. 다른 명함 처리할까요?",5.46,746,151
Qwen/Qwen2.5-VL-7B-Instruct,image_7.jpg,2," TV 앞 소파에서 만났고, 창밖 나무 보이고 식물 많았어. 최수진 씨는 9년차 디자이너로, 스마트 TV UI 설계에 강점이 있는 사람이야. ","네, 알겠습니다! 추가적인 맥락 정보를 기록해보겠습니다.

<extracted_info>
{
  ""name"": ""최수진"",
  ""position"": ""디자이너"",
  ""company"": ""Home Media"",
  ""phone"": ""010-7777-8888"",
  ""address"": ""집 거실"",
  ""website"": """",
  ""other_details"": [""9년차 디자이너"", ""스마트 TV UI 설계에 강점""]
}
</extracted_info>

이 사람을 TV 앞 소파에서 만났어요. 창밖에는 나무가 보이고 식물이 많았어요. 최수진 씨는 9년차 디자이너로, 스마트 TV UI 설계에 강점을 가지고 있어요. 이 정보를 데이터베이스에 추가하겠습니다. 다른 명함 처리할까요?",6.6,675,197
Qwen/Qwen2.5-VL-7B-Instruct,image_7.jpg,3, 맞아. 근데 회사명을 'Home Vision'으로 바꿔줘.,"네, 수정해보겠습니다. 회사명을 'Home Vision'으로 변경하겠습니다.

<extracted_info>
{
  ""name"": ""최수진"",
  ""position"": ""디자이너"",
  ""company"": ""Home Vision"",
  ""phone"": ""010-7777-8888"",
  ""address"": ""집 거실"",
  ""website"": """",
  ""other_details"": [""9년차 디자이너"", ""스마트 TV UI 설계에 강점""]
}
</extracted_info>

이 사람을 TV 앞 소파에서 만났어요. 창밖에는 나무가 보이고 식물이 많았어요. 최수진 씨는 9년차 디자이너로, Home Vision에서 스마트 TV UI 설계에 강점을 가지고 있어요. 이 정보를 데이터베이스에 추가하겠습니다. 다른 명함 처리할까요?",6.71,900,201
Qwen/Qwen2.5-VL-7B-Instruct,image_8.jpg,1,"이 무대 사진 찍었어, 상황 좀 정리해줄래? 거기서 강민수 씨를 만났어. 'Tech Forum'의 발표자야. 번호는 010-9999-0000이야. ","네, 알겠습니다! 그 사진에서 강민수 씨를 만났어요. 그분은 'Tech Forum'의 발표자로, 연락처 정보는 다음과 같습니다:

- 이름: 강민수
- 직위: 발표자
- 회사: 'Tech Forum'
- 전화번호: 010-9999-0000

이 정보를 데이터베이스에 추가하겠습니다. 다른 명함 처리할까요?",3.51,674,100
Qwen/Qwen2.5-VL-7B-Instruct,image_8.jpg,2," 무대 조명 밝고 로봇 옆에서 만났어. 강민수 씨는 12년차 전문가로, 로봇 자동화 강연 끝내고 관객 질문받던 중이었어. ","감사합니다! 추가 정보를 제공해주셔서 감사합니다.

- 이름: 강민수
- 직위: 12년차 전문가
- 회사: 'Tech Forum'
- 강연 주제: 로봇 자동화
- 관객 질문 시간: 강연 끝나고

이 정보를 데이터베이스에 추가하겠습니다. 다른 명함 처리할까요?",3.03,619,88
Qwen/Qwen2.5-VL-7B-Instruct,image_8.jpg,3, 정보 잘 들어갔네. 이거 저장해줘.,명함 정보가 잘 저장되었습니다. 다른 명함을 처리하시려면 말씀해주세요.,0.74,728,21
Qwen/Qwen2.5-VL-7B-Instruct,image_9.jpg,1,"이 개 사진 찍었는데, 장소 정보 좀 추가해줄래? 여기서 만난 오지훈 씨가 'Pet Joy'의 트레이너야. 번호는 010-2222-3333이야. ","네, 알겠습니다! 오지훈 씨의 정보를 추출해보겠습니다.

<extracted_info>
{
  ""name"": ""오지훈"",
  ""position"": ""트레이너"",
  ""company"": ""Pet Joy"",
  ""phone"": ""010-2222-3333"",
  ""email"": """",  // 이 부분은 명함에서 찾을 수 없으므로 추가하지 않았습니다.
  ""address"": """", // 이 부분은 명함에서 찾을 수 없으므로 추가하지 않았습니다.
  ""website"": """", // 이 부분은 명함에서 찾을 수 없으므로 추가하지 않았습니다.
  ""other_details"": [""Pet Joy의 트레이너""]
}
</extracted_info>

이 정보를 확인해 주세요. 추가로 어떤 맥락 정보를 더 수집해야 할까요?",6.71,1127,184
Qwen/Qwen2.5-VL-7B-Instruct,image_9.jpg,2," 공원 벤치 근처에서 만났고, 개들 뛰어놀던 날이었어. 오지훈 씨는 6년차 트레이너로, 반려동물 행동 교정 전문가라고 하더라. ","감사합니다! 추가 정보를 포함하여 명함 정보를 업데이트하겠습니다.

<extracted_info>
{
  ""name"": ""오지훈"",
  ""position"": ""트레이너"",
  ""company"": ""Pet Joy"",
  ""phone"": ""010-2222-3333"",
  ""email"": """",  // 이 부분은 명함에서 찾을 수 없으므로 추가하지 않았습니다.
  ""address"": """", // 이 부분은 명함에서 찾을 수 없으므로 추가하지 않았습니다.
  ""website"": """", // 이 부분은 명함에서 찾을 수 없으므로 추가하지 않았습니다.
  ""other_details"": [""Pet Joy의 트레이너"", ""6년차"", ""반려동물 행동 교정 전문가""]
}
</extracted_info>

이 정보를 확인해 주세요. 추가로 어떤 맥락 정보를 더 수집해야 할까요? 아니면 다른 명함을 처리하시겠습니까?",7.06,704,211
Qwen/Qwen2.5-VL-7B-Instruct,image_9.jpg,3," 좋아, 근데 정보 더 추가할게. 그의 GitHub 링크는 'github.com/ozitrainer'야.","감사합니다! GitHub 링크도 추가해 보겠습니다.

<extracted_info>
{
  ""name"": ""오지훈"",
  ""position"": ""트레이너"",
  ""company"": ""Pet Joy"",
  ""phone"": ""010-2222-3333"",
  ""email"": """",  // 이 부분은 명함에서 찾을 수 없으므로 추가하지 않았습니다.
  ""address"": """", // 이 부분은 명함에서 찾을 수 없으므로 추가하지 않았습니다.
  ""website"": """", // 이 부분은 명함에서 찾을 수 없으므로 추가하지 않았습니다.
  ""other_details"": [""Pet Joy의 트레이너"", ""6년차"", ""반려동물 행동 교정 전문가"", ""github.com/ozitrainer""]
}
</extracted_info>

이 정보를 확인해 주세요. 추가로 어떤 맥락 정보를 더 수집해야 할까요? 아니면 다른 명함을 처리하시겠습니까?",7.35,952,214
Qwen/Qwen2.5-VL-7B-Instruct,image_10.jpg,1,"오늘 만난 김기아 씨 명함이야, 저장해줄래? ","네, 김기아 씨의 명함 정보를 처리해볼게요.

<extracted_info>
{
  ""name"": ""김기아"",
  ""position"": ""카마스터"",
  ""company"": ""KIA"",
  ""phone"": ""010-2282-8119"",
  ""email"": ""madcomm@daum.net"",
  ""address"": ""서울특별시 서초구 현릉로 12 (양재동)"",
  ""website"": """",
  ""other_details"": [""기아 미소대리점"", ""TEL 02-2773-1234"", ""FAX 02-2773-1235""]
}
</extracted_info>

이 사람을 어디서 만났나요? 그리고 무엇을 논의했나요? 추가 정보를 알려주시면 감사하겠습니다.",6.79,844,195
Qwen/Qwen2.5-VL-7B-Instruct,image_10.jpg,2," 자동차 마케팅 얘기 나눴어. 근처에 차량 모형 전시돼 있고, 김기아 씨는 8년차 전문가로 브랜드 캠페인 많이 기획했더라. ","감사합니다! 이 정보를 추가로 저장하겠습니다.

<extracted_info>
{
  ""name"": ""김기아"",
  ""position"": ""카마스터"",
  ""company"": ""KIA"",
  ""phone"": ""010-2282-8119"",
  ""email"": ""madcomm@daum.net"",
  ""address"": ""서울특별시 서초구 현릉로 12 (양재동)"",
  ""website"": """",
  ""other_details"": [""기아 미소대리점"", ""TEL 02-2773-1234"", ""FAX 02-2773-1235"", ""8년차 전문가"", ""브랜드 캠페인 기획"", ""근처에 차량 모형 전시""]
}
</extracted_info>

이 연락처를 데이터베이스에 추가했습니다. 다른 명함 처리할까요?",7.16,674,210
Qwen/Qwen2.5-VL-7B-Instruct,image_10.jpg,3, 다 맞아. 이거 저장해줘.,감사합니다! 김기아 씨의 정보가 정확하게 저장되었습니다. 다른 명함을 처리하시려면 말씀해주세요.,1.14,903,32
Qwen/Qwen2.5-VL-7B-Instruct,image_11.jpg,1,"어제 미니살롱에서 받은 이수민 씨 명함인데, 저장 부탁해! ","네, 명함을 확인해 보겠습니다.

<extracted_info>
{
  ""name"": ""이수민"",
  ""position"": ""Manager"",
  ""company"": ""미니살롱"",
  ""phone"": ""070-8119-2648"",
  ""email"": ""minisalon_02"",
  ""address"": """",
  ""website"": """",
  ""other_details"": [""1:1시술 / 우선예약제"", ""am 10:00 ~ pm 8:00""]
}
</extracted_info>

이수민 씨는 미니살롱에서 1:1 시술과 우선 예약제를 제공하는 매니저로 보입니다. 시간은 아침 10시부터 오후 8시까지입니다. 추가로 어떤 맥락 정보를 수집해야 할까요? 예를 들어, ""이 사람을 어디서 만났나요?"" 또는 ""무엇을 논의했나요?"" 같은 질문이 있습니다.",7.6,857,218
Qwen/Qwen2.5-VL-7B-Instruct,image_11.jpg,2," 살롱 운영 얘기 나눴고, 아늑한 인테리어에 손님들 많았어. 이수민 씨는 7년차 매니저로, 고객 서비스 개선에 집중하고 있더라. ","감사합니다. 이수민 씨의 정보를 다음과 같이 업데이트하겠습니다:

<extracted_info>
{
  ""name"": ""이수민"",
  ""position"": ""Manager"",
  ""company"": ""미니살롱"",
  ""phone"": ""070-8119-2648"",
  ""email"": ""minisalon_02"",
  ""address"": """",
  ""website"": """",
  ""other_details"": [""1:1시술 / 우선예약제"", ""아늑한 인테리어"", ""손님들 많음"", ""7년차 매니저"", ""고객 서비스 개선에 집중""]
}
</extracted_info>

이수민 씨는 미니살롱에서 1:1 시술과 우선 예약제를 제공하며, 아늑한 인테리어로 인해 손님들이 많다고 하셨습니다. 또한, 7년차 매니저로 고객 서비스 개선에 집중하고 있다는 점도 추가하였습니다. 이 정보가 정확하시면 ""이 연락처를 데이터베이스에 추가했습니다. 다른 명함 처리할까요?""라고 말씀해 주세요.",8.74,696,258
Qwen/Qwen2.5-VL-7B-Instruct,image_11.jpg,3," 음, 전화번호를 070-8119-5555로 수정하고 저장해줘.","네, 수정된 전화번호를 기록하겠습니다:

<extracted_info>
{
  ""name"": ""이수민"",
  ""position"": ""Manager"",
  ""company"": ""미니살롱"",
  ""phone"": ""070-8119-5555"",
  ""email"": ""minisalon_02"",
  ""address"": """",
  ""website"": """",
  ""other_details"": [""1:1시술 / 우선예약제"", ""아늑한 인테리어"", ""손님들 많음"", ""7년차 매니저"", ""고객 서비스 개선에 집중""]
}
</extracted_info>

이수민 씨의 정보가 수정되었습니다. 전화번호는 070-8119-5555로 변경되었습니다. 이 정보가 맞다면 ""이 연락처를 데이터베이스에 추가했습니다. 다른 명함 처리할까요?""라고 말씀해 주세요.",7.19,991,209
Qwen/Qwen2.5-VL-7B-Instruct,image_12.jpg,1,"이 전시 장비 사진 찍었어, 용도 좀 기록해줄래? 거기서 정유진 씨를 만났어. 'Art Tech'의 큐레이터야. 번호는 010-6666-7777이야. ","네, 정유진 씨와의 만남에 대해 기록해드릴게요. 그분은 'Art Tech'의 큐레이터로, 전시장에서 만났어요. 전시 장비 사진에 대한 정보도 기록해드릴게요.

<extracted_info>
{
  ""name"": ""정유진"",
  ""position"": ""큐레이터"",
  ""company"": ""Art Tech"",
  ""phone"": ""010-6666-7777"",
  ""email"": """",  // 이 부분은 명함에서 찾을 수 없으니 추가 정보 필요
  ""address"": """",  // 이 부분은 명함에서 찾을 수 없으니 추가 정보 필요
  ""website"": """",  // 이 부분은 명함에서 찾을 수 없으니 추가 정보 필요
  ""other_details"": [""Art Tech 큐레이터"", ""전시장에서 만났다""]
}
</extracted_info>

이 정보를 확인해 주세요. 추가로 필요한 정보가 있다면 알려주세요!",7.94,849,228
Qwen/Qwen2.5-VL-7B-Instruct,image_12.jpg,2," 3D 프로젝션 장비 앞에서 만났고, 조명 효과 멋졌어. 정유진 씨는 10년차 큐레이터로, 미디어 아트 전시 기획 유명하더라. ","감사합니다! 추가 정보를 기록해드릴게요. 정유진 씨는 10년차 큐레이터로, 미디어 아트 전시 기획에 능숙하다고 들었어요. 3D 프로젝션 장비 앞에서 만났고, 조명 효과가 정말 멋졌어요.

<extracted_info>
{
  ""name"": ""정유진"",
  ""position"": ""큐레이터"",
  ""company"": ""Art Tech"",
  ""phone"": ""010-6666-7777"",
  ""email"": """",  // 이 부분은 명함에서 찾을 수 없으니 추가 정보 필요
  ""address"": """",  // 이 부분은 명함에서 찾을 수 없으니 추가 정보 필요
  ""website"": """",  // 이 부분은 명함에서 찾을 수 없으니 추가 정보 필요
  ""other_details"": [""10년차 큐레이터"", ""미디어 아트 전시 기획 유명"", ""3D 프로젝션 장비 앞에서 만났다"", ""조명 효과 멋졌다""]
}
</extracted_info>

이 정보를 확인해 주세요. 추가로 필요한 정보가 있다면 알려주세요!",9.33,750,273
Qwen/Qwen2.5-VL-7B-Instruct,image_12.jpg,3, 맞아. 회사명을 'Art Innovate'로 수정해줘.,"알겠습니다. 회사명을 'Art Innovate'로 수정하겠습니다.

<extracted_info>
{
  ""name"": ""정유진"",
  ""position"": ""큐레이터"",
  ""company"": ""Art Innovate"",
  ""phone"": ""010-6666-7777"",
  ""email"": """",  // 이 부분은 명함에서 찾을 수 없으니 추가 정보 필요
  ""address"": """",  // 이 부분은 명함에서 찾을 수 없으니 추가 정보 필요
  ""website"": """",  // 이 부분은 명함에서 찾을 수 없으니 추가 정보 필요
  ""other_details"": [""10년차 큐레이터"", ""미디어 아트 전시 기획 유명"", ""3D 프로젝션 장비 앞에서 만났다"", ""조명 효과 멋졌다""]
}
</extracted_info>

이 정보를 확인해 주세요. 추가로 필요한 정보가 있다면 알려주세요!",7.25,1049,213
Qwen/Qwen2.5-VL-7B-Instruct,image_13.jpg,1,"넷플릭스 전시관 사진 찍었는데, 이곳 정보 좀 추가해줄래? 거기서 박소영 씨를 만났어. 'Netflix Korea'의 매니저야. 번호는 010-1234-9999야. ","네, 넷플릭스 전시관에서 박소영 씨를 만났네요! 그녀는 'Netflix Korea'의 매니저로 알려져 있습니다. 번호는 010-1234-9999입니다. 이 정보를 데이터베이스에 추가하겠습니다. 다른 명함 처리할까요?",2.79,662,77
Qwen/Qwen2.5-VL-7B-Instruct,image_13.jpg,2," 전시관 입구에서 만났고, 대형 스크린에 예고편 틀고 있었어. 박소영 씨는 9년차 매니저로, 한국 콘텐츠 전략 주도하고 있더라. ","감사합니다! 박소영 씨를 넷플릭스 전시관에서 만났다는 정보와 함께, 그녀가 9년차 매니저로 한국 콘텐츠 전략을 주도한다는 맥락 정보를 추가했습니다. 이 정보를 데이터베이스에 추가하겠습니다. 다른 명함 처리할까요?",2.74,605,78
Qwen/Qwen2.5-VL-7B-Instruct,image_13.jpg,3," 좋아, 직무를 '콘텐츠 매니저'로 수정하고 저장해줘.","네, 수정되었습니다. 박소영 씨의 직무를 '콘텐츠 매니저'로 수정하고 저장했습니다. 다른 명함 처리할까요?",1.33,712,38
Qwen/Qwen2.5-VL-7B-Instruct,image_14.jpg,1,"이 캠핑 사진 찍었어, 상황 좀 정리해줄래? 거기서 강지훈 씨를 만났어. 'Outdoor Life'의 기획자야. 번호는 010-4444-5555야. ",이 사진에서 강지훈 씨를 만났네요! 그분은 'Outdoor Life'의 기획자라고 하셨어요. 번호는 010-4444-5555입니다. 이 정보를 데이터베이스에 추가하겠습니다. 다른 명함 처리할까요? 아니면 다른 정보를 알려주시겠어요?,2.78,642,78
Qwen/Qwen2.5-VL-7B-Instruct,image_14.jpg,2," 호수 옆 텐트 근처에서 만났고, 달빛 아래 조용했어. 강지훈 씨는 6년차 기획자로, 캠핑 장비 디자인에 아이디어 많더라. ","이 정보도 추가하겠습니다. 강지훈 씨는 'Outdoor Life'의 6년차 기획자로, 특히 캠핑 장비 디자인에 많은 아이디어를 가지고 계신다고 들었습니다. 이 정보를 데이터베이스에 추가하겠습니다. 다른 명함 처리할까요? 아니면 다른 정보를 알려주시겠어요?",2.75,602,80
Qwen/Qwen2.5-VL-7B-Instruct,image_14.jpg,3, 정보 잘 됐네. 이거 저장해줘.,이 연락처 정보를 데이터베이스에 추가했습니다. 다른 명함 처리할까요? 아니면 다른 정보를 알려주시겠어요?,1.13,703,32
Qwen/Qwen2.5-VL-7B-Instruct,image_15.webp,1,"오늘 만난 전해원 씨 명함인데, 저장해줄래? ","네, 명함을 처리해볼게요! 이름은 전해원, 직위는 디자이너, 회사는 라라나 디자인, 전화번호는 +123-456-7890, 웹사이트는 reallygreatsite.com, 이메일은 @reallygreatsite, 주소는 123 Anywhere St., Any City, ST 12345입니다. 이 정보를 데이터베이스에 추가하겠습니다. 다른 명함도 처리해야 하나요? ",6.32,2349,118
Qwen/Qwen2.5-VL-7B-Instruct,image_15.webp,2," 디자인 프로젝트 얘기 나눴어. 근처에 포트폴리오 전시돼 있고, 전해원 씨는 5년차 디자이너로 UI/UX 작업 뛰어나더라. ","감사합니다! 이 정보를 추가로 저장하겠습니다. ""디자인 프로젝트""와 ""포트폴리오 전시""라는 맥락 정보가 포함되어 있습니다. 전해원 씨는 5년차 UI/UX 디자이너로 알려져 있으며, 근처에 포트폴리오 전시가 있다는 것도 기억해두겠습니다. 이 정보가 맞습니까? 추가로 도와드릴 일이 있으신가요? ",3.52,595,104
Qwen/Qwen2.5-VL-7B-Instruct,image_15.webp,3, 맞아. 근데 이메일을 contact@reallygreatsite.com으로 바꿔줘.,"알겠습니다, 이메일 주소를 수정하겠습니다. 수정된 정보는 다음과 같습니다:

- 이름: 전해원
- 직위: 디자이너
- 회사: 라라나 디자인
- 전화번호: +123-456-7890
- 이메일: contact@reallygreatsite.com
- 주소: 123 Anywhere St., Any City, ST 12345
- 웹사이트: reallygreatsite.com
- 맥락 정보: ""디자인 프로젝트""와 ""포트폴리오 전시""

이 정보가 맞습니까? 다른 명함을 처리해야 하나요? ",5.25,729,155
Qwen/Qwen2.5-VL-7B-Instruct,image_16.jpg,1,"Greener Products 부스에서 받은 명함이야, 저장 부탁해! ","네, 명함을 처리해볼게요! 명함의 내용을 알려주시면 추출해보겠습니다. 이름, 직위, 회사명, 전화번호, 이메일, 주소, 웹사이트 등의 정보가 필요합니다. 혹시 이미지에서 명확하게 보이지 않는 부분이 있나요? ",2.75,818,74
Qwen/Qwen2.5-VL-7B-Instruct,image_16.jpg,2," 친환경 제품 얘기 나눴고, 재활용 소재 전시 많았어. 이 사람은 8년차 전문가로, 환경 캠페인 기획 많이 했더라. ","감사합니다! 명함에서 추출한 정보는 다음과 같습니다:

```json
{
  ""name"": """",
  ""position"": """",
  ""company"": """",
  ""phone"": """",
  ""email"": """",
  ""address"": """",
  ""website"": """",
  ""other_details"": [""친환경 제품"", ""재활용 소재"", ""8년차 전문가"", ""환경 캠페인 기획""]
}
```

이 정보를 확인해 주세요. 맞습니까? ",3.56,543,106
Qwen/Qwen2.5-VL-7B-Instruct,image_16.jpg,3," 좋아, 근데 번호를 010-8888-9999로 수정하고 저장해줘.","명함 정보를 수정하겠습니다. 수정된 정보는 다음과 같습니다:

```json
{
  ""name"": """",
  ""position"": """",
  ""company"": """",
  ""phone"": ""010-8888-9999"",
  ""email"": """",
  ""address"": """",
  ""website"": """",
  ""other_details"": [""친환경 제품"", ""재활용 소재"", ""8년차 전문가"", ""환경 캠페인 기획""]
}
```

이 정보를 데이터베이스에 추가하겠습니다. 다른 명함 처리할까요? 아니면 추가 정보를 입력하시겠어요? ",4.63,687,136
Qwen/Qwen2.5-VL-7B-Instruct,image_17.jpg,1,"LG 전시회에서 이 사진 찍었어, 장소 정보 좀 기록해줄래? 거기서 이현우 씨를 만났어. 'LG SIGNATURE'의 디자이너야. 번호는 010-3333-4444야. ","네, 명함 정보를 추출하겠습니다.

<extracted_info>
{
  ""name"": ""이현우"",
  ""position"": ""디자이너"",
  ""company"": ""LG SIGNATURE"",
  ""phone"": ""010-3333-4444"",
  ""email"": """",  // 이메일 정보가 없네요. 추가로 알려주시면 감사하겠습니다.
  ""address"": """",  // 주소 정보가 없네요. 추가로 알려주시면 감사하겠습니다.
  ""website"": """",  // 웹사이트 정보가 없네요. 추가로 알려주시면 감사하겠습니다.
  ""other_details"": [""LG SIGNATURE의 디자이너"", ""LG 전시회에서 만났다.""]
}
</extracted_info>

이현우 씨와의 만남 맥락 정보도 기록해드렸습니다. 이 정보가 맞습니까? 추가로 필요한 정보가 있으면 알려주세요.",7.11,630,205
Qwen/Qwen2.5-VL-7B-Instruct,image_17.jpg,2," 세탁기 전시 앞에서 만났고, 고급스러운 조명 돋보였어. 이현우 씨는 10년차 디자이너로, 제품 외관 설계 주도했더라. ","감사합니다! 추가 정보를 기록해드렸습니다.

<extracted_info>
{
  ""name"": ""이현우"",
  ""position"": ""디자이너"",
  ""company"": ""LG SIGNATURE"",
  ""phone"": ""010-3333-4444"",
  ""email"": """",  // 이메일 정보가 없네요. 추가로 알려주시면 감사하겠습니다.
  ""address"": """",  // 주소 정보가 없네요. 추가로 알려주시면 감사하겠습니다.
  ""website"": """",  // 웹사이트 정보가 없네요. 추가로 알려주시면 감사하겠습니다.
  ""other_details"": [
    ""LG SIGNATURE의 디자이너"",
    ""LG 전시회에서 만났다."",
    ""10년차 디자이너"",
    ""제품 외관 설계 주도"",
    ""고급스러운 조명 돋보였음""
  ]
}
</extracted_info>

이현우 씨와의 만남 맥락 정보가 정확히 기록되었습니다. 이 정보가 맞습니까? 추가로 필요한 정보가 있으면 알려주세요.",8.64,730,253
Qwen/Qwen2.5-VL-7B-Instruct,image_17.jpg,3, 정보 괜찮네. 근데 직무를 '수석 디자이너'로 수정해줘.,"네, 수정하겠습니다. 직무를 '수석 디자이너'로 변경하겠습니다.

<extracted_info>
{
  ""name"": ""이현우"",
  ""position"": ""수석 디자이너"",
  ""company"": ""LG SIGNATURE"",
  ""phone"": ""010-3333-4444"",
  ""email"": """",  // 이메일 정보가 없네요. 추가로 알려주시면 감사하겠습니다.
  ""address"": """",  // 주소 정보가 없네요. 추가로 알려주시면 감사하겠습니다.
  ""website"": """",  // 웹사이트 정보가 없네요. 추가로 알려주시면 감사하겠습니다.
  ""other_details"": [
    ""LG SIGNATURE의 수석 디자이너"",
    ""LG 전시회에서 만났다."",
    ""10년차 디자이너"",
    ""제품 외관 설계 주도"",
    ""고급스러운 조명 돋보였음""
  ]
}
</extracted_info>

이현우 씨와의 만남 맥락 정보가 수정되었습니다. 이 정보가 맞습니까? 추가로 필요한 정보가 있으면 알려주세요.",8.92,1019,261
Qwen/Qwen2.5-VL-7B-Instruct,image_18.jpg,1,"이 포스터 사진 찍었는데, 정보 좀 추가해줄래? 거기서 최민재 씨를 만났어. 'Social Impact'의 기획자야. 번호는 010-5555-6666이야. ","네, 알겠습니다! 그 포스터에서 최민재 씨를 만났다고 하셨네요. 그분의 정보를 추출해보겠습니다.

<extracted_info>
{
  ""name"": ""최민재"",
  ""position"": ""기획자"",
  ""company"": ""Social Impact"",
  ""phone"": ""010-5555-6666""
}
</extracted_info>

이 정보를 추가해주시겠어요? 어떤 맥락 정보를 더 수집해야 할까요? 예를 들어, ""Social Impact""에서 어떤 일을 논의했나요? 또는 어떤 장소에서 만났나요?",5.02,657,142
Qwen/Qwen2.5-VL-7B-Instruct,image_18.jpg,2," 포스터 앞 벤치에서 만났고, 행사장 북적였어. 최민재 씨는 7년차 기획자로, 소셜 벤처 육성 프로그램 잘 만들더라. ","감사합니다! 추가 정보를 포함하여 최민재 씨의 정보를 정리해보겠습니다:

<extracted_info>
{
  ""name"": ""최민재"",
  ""position"": ""기획자"",
  ""company"": ""Social Impact"",
  ""phone"": ""010-5555-6666"",
  ""address"": ""포스터 앞 벤치"",
  ""event"": ""행사장"",
  ""details"": [""7년차 기획자"", ""소셜 벤처 육성 프로그램 잘 만들었다""]
}
</extracted_info>

이 정보를 확인해주시겠어요? 다른 명함을 처리할까요?",4.97,656,149
Qwen/Qwen2.5-VL-7B-Instruct,image_18.jpg,3," 좋아, 정보 더 추가할게. 회사 위치는 '서울 마포구 공덕동 123'이야.","감사합니다! 최민재 씨의 정보를 더욱 정확하게 만들었습니다:

<extracted_info>
{
  ""name"": ""최민재"",
  ""position"": ""기획자"",
  ""company"": ""Social Impact"",
  ""phone"": ""010-5555-6666"",
  ""address"": ""서울 마포구 공덕동 123"",
  ""event"": ""행사장"",
  ""details"": [""7년차 기획자"", ""소셜 벤처 육성 프로그램 잘 만들었다""]
}
</extracted_info>

이 정보를 확인해주시겠어요? 다른 명함을 처리할까요?",5.09,843,150
Qwen/Qwen2.5-VL-7B-Instruct,image_19.jpg,1,"이 표지판 사진 찍었어, 장소 정보 좀 정리해줄래? 거기서 김서연 씨를 만났어. 'Ewha Univ'의 연구원이다. 번호는 010-7777-9999야. ","네, 이미지를 확인해 보겠습니다. 이 표지판에서 김서연 씨의 정보를 추출했습니다:

<extracted_info>
{
  ""name"": ""김서연"",
  ""position"": ""연구원"",
  ""company"": ""Ewha Womans Univ."",
  ""phone"": ""010-7777-9999"",
  ""email"": """",  // 이 부분은 표지판에서 확인할 수 없습니다.
  ""address"": ""북아현동, Ewha Womans Univ."",  // 표지판에서 확인한 주소
  ""website"": """",  // 이 부분은 표지판에서 확인할 수 없습니다.
  ""other_details"": [""이화여대"", ""북아현동""]
}
</extracted_info>

이 정보를 확인해 주세요. 김서연 씨와의 만남 맥락 정보도 추가하시겠어요? 예를 들어 ""이 사람을 어디서 만났나요?"" 또는 ""무엇을 논의했나요?"" 같은 질문이 있으면 알려주세요.",8.12,677,235
Qwen/Qwen2.5-VL-7B-Instruct,image_19.jpg,2," 표지판 근처 공원에서 만났고, 나무 많았어. 김서연 씨는 9년차 연구원으로, AI 기반 교육 연구 주도하더라. ","감사합니다! 김서연 씨의 정보와 그분과의 만남 맥락을 추가로 제공해주셔서 감사합니다. 이제 이 정보를 요약해 드리겠습니다:

<extracted_info>
{
  ""name"": ""김서연"",
  ""position"": ""연구원"",
  ""company"": ""Ewha Womans Univ."",
  ""phone"": ""010-7777-9999"",
  ""email"": """",  // 이 부분은 표지판에서 확인할 수 없습니다.
  ""address"": ""북아현동, Ewha Womans Univ."",  // 표지판에서 확인한 주소
  ""website"": """",  // 이 부분은 표지판에서 확인할 수 없습니다.
  ""other_details"": [""이화여대"", ""북아현동"", ""9년차 연구원"", ""AI 기반 교육 연구 주도""]
}
</extracted_info>

이 정보가 정확한지 확인해 주세요. 김서연 씨와의 만남 맥락 정보가 모두 포함되어 있는지 확인해 보겠습니다. 정보가 정확하다면 ""이 연락처를 데이터베이스에 추가했습니다. 다른 명함 처리할까요?""라고 답변해 주세요.",9.49,747,278
Qwen/Qwen2.5-VL-7B-Instruct,image_19.jpg,3," 맞아, 회사명을 '이화여대 연구소'로 수정하고 저장해줘.","네, 수정된 정보를 반영하겠습니다.

<extracted_info>
{
  ""name"": ""김서연"",
  ""position"": ""연구원"",
  ""company"": ""이화여대 연구소"",
  ""phone"": ""010-7777-9999"",
  ""email"": """",  // 이 부분은 표지판에서 확인할 수 없습니다.
  ""address"": ""북아현동, Ewha Womans Univ."",  // 표지판에서 확인한 주소
  ""website"": """",  // 이 부분은 표지판에서 확인할 수 없습니다.
  ""other_details"": [""이화여대"", ""북아현동"", ""9년차 연구원"", ""AI 기반 교육 연구 주도""]
}
</extracted_info>

이 정보가 정확한지 확인해 주세요. 김서연 씨와의 만남 맥락 정보가 모두 포함되어 있는지 확인해 보겠습니다. 정보가 정확하다면 ""이 연락처를 데이터베이스에 추가했습니다. 다른 명함 처리할까요?""라고 답변해 주세요.",8.15,1056,242
Qwen/Qwen2.5-VL-7B-Instruct,image_20.jpg,1,"삼성 전시관에서 받은 명함인데, 저장해줄래? ","네, 명함을 처리해드릴게요! 명함 이미지를 보내주시면 정보를 추출해 드리겠습니다. ",1.31,825,31
Qwen/Qwen2.5-VL-7B-Instruct,image_20.jpg,2," AI 기술 협업 얘기 나눴어. 'The Sero' 전시 옆에서 만났고, 이 사람은 6년차 전문가로 제품 데모 잘 설명하더라. ",감사합니다! 명함 이미지를 보내주시면 정보를 추출해 드리겠습니다. ,0.79,495,23
Qwen/Qwen2.5-VL-7B-Instruct,image_20.jpg,3," 좋아, 다 맞네. 번호 하나 더 추가할게, 010-1234-5678이야.",명함 이미지를 보내주시면 정보를 추출해 드리겠습니다. ,0.68,558,19
Qwen/Qwen2.5-VL-7B-Instruct,image_21.jpg,1,"오늘 세미나에서 받은 명함인데, 저장해줄래? ","네, 명함을 처리해볼게요. 명함의 내용을 확인해보겠습니다.

<extracted_info>
{
  ""name"": ""김지영"",
  ""position"": ""이사"",
  ""company"": ""주|지엠이엔지"",
  ""phone"": ""010.4533.0034"",
  ""email"": ""gmcnpany@naver.com"",
  ""address"": ""대전광역시 서구 문산로 500 문산BD 3F"",
  ""website"": ""www.gmcompany.co.kr"",
  ""other_details"": [""Mobile 010.4533.0034"", ""T 042.626.1250 F 042.626.1251""]
}
</extracted_info>

이 명함을 어떻게 처리해야 할까요? 세미나에서 만났던 사람인지, 아니면 다른 맥락에서 만났는지 알려주시면 감사하겠습니다.",7.83,733,225
Qwen/Qwen2.5-VL-7B-Instruct,image_21.jpg,2," 데이터 분석 주제 세미나였고, 강연장은 조명이 따뜻한 회의실이었어. 앞줄에서 발표자랑 가깝게 앉아서 자료 화면 잘 보였고, 주변에 커피향 퍼졌던 게 기억나. ","감사합니다! 이 정보를 명함에 추가하겠습니다.

<extracted_info>
{
  ""name"": ""김지영"",
  ""position"": ""이사"",
  ""company"": ""주|지엠이엔지"",
  ""phone"": ""010.4533.0034"",
  ""email"": ""gmcnpany@naver.com"",
  ""address"": ""대전광역시 서구 문산로 500 문산BD 3F"",
  ""website"": ""www.gmcompany.co.kr"",
  ""other_details"": [""Mobile 010.4533.0034"", ""T 042.626.1250 F 042.626.1251"", ""세미나에서 만났다"", ""강연장은 조명이 따뜻한 회의실"", ""앞줄에서 발표자랑 가깝게 앉아서 자료 화면 잘 보였고"", ""주변에 커피향 퍼졌던""]
}
</extracted_info>

이 연락처를 데이터베이스에 추가했습니다. 다른 명함 처리할까요?",8.87,713,262
Qwen/Qwen2.5-VL-7B-Instruct,image_21.jpg,3," 좋아, 다 맞아. 이거 저장해줘.",명함 정보를 정확하게 저장했습니다. 다른 명함을 처리하시려면 말씀해주세요.,0.83,996,23
Qwen/Qwen2.5-VL-7B-Instruct,image_22.jpg,1,"어제 컨퍼런스에서 받은 명함이야, 저장 부탁해! ","네, 명함을 확인해볼게요! 명함의 내용을 알려주시면 추출해보겠습니다.

명함의 내용을 알려주세요. 이름, 직위, 회사명, 전화번호, 이메일 주소, 주소, 웹사이트 등의 정보가 필요합니다.",2.38,718,65
Qwen/Qwen2.5-VL-7B-Instruct,image_22.jpg,2," 클라우드 기술 세션이었는데, 부스마다 최신 서버 장비 돌아가고 있었어. 사람들이 데모 화면 앞에 모여서 질문 많았고, 발표 끝나고 박수소리 컸던 게印象적이었어. ","감사합니다! 명함의 내용을 알려주시면 추출해보겠습니다. 이름, 직위, 회사명, 전화번호, 이메일 주소, 주소, 웹사이트 등의 정보가 필요합니다. 그리고 컨퍼런스에서의 맥락 정보도 함께 제공해주시면 감사하겠습니다.",2.5,552,72
Qwen/Qwen2.5-VL-7B-Instruct,image_22.jpg,3," 음, 번호 하나를 010-5678-1234로 수정하고 저장해줘.","명함의 정보를 수정해주시겠어요? 수정할 부분이 명확하게 알려주시면 도와드리겠습니다. 예를 들어, 이름, 직위, 회사명, 이메일 주소, 주소, 웹사이트 등의 정보 중 어떤 부분을 수정하시려는지 알려주세요.",2.22,661,66
Qwen/Qwen2.5-VL-7B-Instruct,image_24.jpg,1,"코엑스 전시회에서 받은 명함이야, 저장해줘! ","네, 명함을 처리해볼게요. 이 명함에서 추출된 정보는 다음과 같습니다:

<extracted_info>
{
  ""name"": ""임 애 애"",
  ""position"": ""사원 영업팀"",
  ""company"": ""ProudNet"",
  ""phone"": ""010.2355.2355"",
  ""email"": ""ailing.jin1@nettention.com"",
  ""address"": ""서울특별시 강동구 성유로 146 이엔씨드림타워 605호"",
  ""website"": ""www.nettention.com"",
  ""other_details"": [""Mobile 010.2608.6082"", ""FAX 02.6008.6008""]
}
</extracted_info>

이 명함을 어떻게 사용하시겠어요? 예를 들어, 이 사람을 어디서 만났나요? 또는 논의한 주제가 있나요? 추가 정보를 제공해주시면 감사하겠습니다. ",8.28,767,231
Qwen/Qwen2.5-VL-7B-Instruct,image_24.jpg,2," 로봇 자동화 부스였고, 로봇 팔이 규칙적으로 움직이는 소리 들렸어. 관람객들 사진 찍느라 바빠서 부스 주변 시끌벅적했고, LED 조명 밝았던 게印象적이었어. ","감사합니다! 이 정보를 명함에 추가하겠습니다.

추가 맥락 정보:
- 명함을 받은 장소: 코엑스 전시회 로봇 자동화 부스
- 명함을 받은 상황: 로봇 팔이 움직이는 소리, 바쁜 관람객들, 시끌벅적한 분위기, 밝은 LED 조명

이 정보를 명함에 추가했습니다. 다른 명함을 처리할까요? 아니면 추가 정보가 필요하신가요? ",3.92,715,117
Qwen/Qwen2.5-VL-7B-Instruct,image_24.jpg,3," 좋아, 정보 더 추가할게. GitHub 링크는 'github.com/dohyunkim'이야.","감사합니다! 명함에 GitHub 링크를 추가하겠습니다.

추가 맥락 정보:
- 명함을 받은 장소: 코엑스 전시회 로봇 자동화 부스
- 명함을 받은 상황: 로봇 팔이 움직이는 소리, 바쁜 관람객들, 시끌벅적한 분위기, 밝은 LED 조명
- GitHub 링크: github.com/dohyunkim

이 정보를 명함에 추가했습니다. 명함을 데이터베이스에 추가했습니다. 다른 명함을 처리할까요? 아니면 추가 정보가 필요하신가요? ",4.85,866,144
Qwen/Qwen2.5-VL-7B-Instruct,image_25.jpg,1,"오늘 워크숍에서 받은 명함인데, 저장 부탁해! ","네, 명함을 확인해볼게요. 이 명함에서 추출된 정보는 다음과 같습니다:

<extracted_info>
{
  ""name"": ""마인드"",
  ""position"": ""대표"",
  ""company"": ""MIND SIZE"",
  ""phone"": ""010-0000-0000"",
  ""email"": ""mindsize77@naver.com"",
  ""address"": ""경기도 마인시 마인대로77-7"",
  ""website"": """",
  ""other_details"": [""Indie Graphic Design""]
}
</extracted_info>

이 사람을 어디서 만났나요? 그리고 무엇을 논의했나요? 추가적인 정보를 제공해주시면 감사하겠습니다.",5.51,734,161
Qwen/Qwen2.5-VL-7B-Instruct,image_25.jpg,2," 디자인 워크숍이었고, 작업물 전시대에 색감 강한 포스터들 걸려 있었어. 참가자들이 스케치북 들고 다니며 의견 나누던 모습이 활기찼던 게 기억나. ","이런 맥락 정보가 추가되었습니다:

<extracted_info>
{
  ""name"": ""마인드"",
  ""position"": ""대표"",
  ""company"": ""MIND SIZE"",
  ""phone"": ""010-0000-0000"",
  ""email"": ""mindsize77@naver.com"",
  ""address"": ""경기도 마인시 마인대로77-7"",
  ""website"": """",
  ""other_details"": [""Indie Graphic Design"", ""워크숍 참가자"", ""디자인 워크숍"", ""포스터 전시"", ""스케치북 사용"", ""활기찬 대화""]
}
</extracted_info>

이 정보를 요약해보면, 마인드라는 이름의 대표가 MIND SIZE라는 회사에서 일하고 있으며, 워크숍 참가자로 참여하셨고, 디자인 워크숍에서 포스터 전시와 스케치북 사용을 통해 활기찬 대화를 나누셨다는 내용입니다.

이 정보가 정확하시면 ""이 연락처를 데이터베이스에 추가했습니다. 다른 명함 처리할까요?""라고 말씀해주세요.",8.69,641,263
Qwen/Qwen2.5-VL-7B-Instruct,image_25.jpg,3, 정보 잘 됐네. 이거 저장해줘.,이 연락처를 데이터베이스에 추가했습니다. 다른 명함 처리할까요? 아니면 오늘의 워크숍에 대한 추가 정보가 있으신가요?,1.4,925,39
Qwen/Qwen2.5-VL-7B-Instruct,image_26.jpg,1,"테크 포럼에서 받은 명함이야, 저장해줄래? ","네, 명함을 처리해볼게요. 이 명함에서 추출된 정보는 다음과 같습니다:

<extracted_info>
{
  ""name"": ""全商求"",
  ""position"": ""留学生"",
  ""company"": ""北京大学国际关系学院"",
  ""phone"": ""+86-186-1173-2745"",
  ""email"": ""lennon999@naver.com"",
  ""address"": """",
  ""website"": """",
  ""other_details"": [""We Chat ID: uspeter1994""]
}
</extracted_info>

이 명함을 어떻게 처리해야 할까요? 추가 정보나 맥락 정보를 제공해주시면 감사하겠습니다. ",5.27,521,154
Qwen/Qwen2.5-VL-7B-Instruct,image_26.jpg,2," AI 윤리 세션이었고, 발표 슬라이드 깔끔하게 넘어가는 게 눈에 띄었어. 강연장 뒤쪽에 커피 머신 소리 들리고, 사람들이 메모하느라 조용했던 분위기였어. ","그런 세부 정보가 참 흥미롭네요! 이 정보는 명함에 추가될 수 있을 것 같아요. ""AI 윤리 세션""과 ""강연장 뒤쪽 커피 머신 소리""를 명함의 ""other_details""에 추가해볼까요?

추가 정보를 확인해보겠습니다. 이렇게 처리해도 괜찮으신가요? 아니면 다른 정보를 추가하시려면 말씀해주세요. ",3.68,641,107
Qwen/Qwen2.5-VL-7B-Instruct,image_26.jpg,3," 맞아, 근데 직무를 '선임 연구원'으로 수정하고 저장해줘.","물론이죠! 명함 정보를 다시 확인해보겠습니다.

<extracted_info>
{
  ""name"": ""全商求"",
  ""position"": ""선임 연구원"",
  ""company"": ""北京大学国际关系学院"",
  ""phone"": ""+86-186-1173-2745"",
  ""email"": ""lennon999@naver.com"",
  ""address"": """",
  ""website"": """",
  ""other_details"": [""We Chat ID: uspeter1994"", ""AI 윤리 세션"", ""강연장 뒤쪽 커피 머신 소리""]
}
</extracted_info>

이 정보를 데이터베이스에 추가하겠습니다. 다른 명함 처리할까요? 아니면 다른 정보를 추가하시려면 말씀해주세요. ",6.1,779,180
Qwen/Qwen2.5-VL-7B-Instruct,image_27.jpg,1,"어제 박람회에서 받은 명함인데, 저장해줘! ","네, 명함을 처리해볼게요! 이름, 직위, 회사, 전화번호, 이메일, 주소, 웹사이트, 그리고 추가 정보를 알려주세요. ",4.16,2525,43
Qwen/Qwen2.5-VL-7B-Instruct,image_27.jpg,2," 스마트 시티 부스였고, 도시 모형 조명 켜져서 반짝였어. 부스 근처에서 발표자 목소리랑 관람객 질문 섞여 들렸고, 공기 약간 쌀쌀했던 게 기억나. ","감사합니다! 이제 명함의 정보를 입력해주시겠어요? 이름, 직위, 회사, 전화번호, 이메일, 주소, 웹사이트, 그리고 추가 정보를 알려주세요. ",1.66,525,48
Qwen/Qwen2.5-VL-7B-Instruct,image_27.jpg,3," 좋아, 다 맞네. 회사 위치는 '서울 송파구 올림픽로 300'이야.","명함의 정보를 잘 받아왔습니다. 이제 명함을 처리해보겠습니다.

<extracted_info>
{
  ""name"": """",
  ""position"": """",
  ""company"": """",
  ""phone"": """",
  ""email"": """",
  ""address"": ""서울 송파구 올림픽로 300"",
  ""website"": """",
  ""other_details"": [""스마트 시티 부스에서 만났다"", ""도시 모형 조명이 반짝였다"", ""공기 약간 쌀쌀했다""]
}
</extracted_info>

이 정보를 확인해 주시겠어요? ",4.56,612,135
Qwen/Qwen2.5-VL-7B-Instruct,image_28.jpg,1,"오늘 세미나에서 받은 명함이야, 저장 부탁해! ","네, 명함을 확인해볼게요. 이름, 직위, 회사, 전화번호, 이메일, 주소, 웹사이트, 그리고 추가 정보를 알려주시면 감사하겠습니다. ",1.81,734,47
Qwen/Qwen2.5-VL-7B-Instruct,image_28.jpg,2," 핀테크 세미나였고, 강연장 뒤쪽에 앉아서 프로젝터 화면 잘 보였어. 주변에 노트북 키보드 소리 들리고, 발표 끝난 후 박수 소리 길게 이어졌던 게印象적이었어. ",감사합니다! 명함의 정보를 추출하기 위해 이미지를 보내주시면 감사하겠습니다. 그 후에 추가로 어떤 맥락 정보를 수집해야 할지 물어보겠습니다. ,1.55,542,44
Qwen/Qwen2.5-VL-7B-Instruct,image_28.jpg,3," 음, 번호를 010-9999-8888로 수정해줘.",명함의 번호가 수정되었습니다. 010-9999-8888으로 변경되었습니다. 명함의 정보를 다시 보내주시면 감사하겠습니다. ,1.45,620,42
Qwen/Qwen2.5-VL-7B-Instruct,image_29.png,1,"컨벤션에서 받은 명함인데, 저장해줄래? ","네, 명함을 처리해볼게요. 이 정보는 다음과 같이 추출되었습니다:

```json
{
  ""name"": ""Han-Kook Kim, Ph.D"",
  ""position"": ""Professor / College of Humanities"",
  ""company"": ""SEOUL NATIONAL UNIVERSITY"",
  ""phone"": ""82-2-000-0000"",
  ""email"": ""hankook@snu.ac.kr"",
  ""address"": ""San 56-1 Sillim-9dong, Gwanak-gu, Seoul, 151-745, Korea"",
  ""website"": """",
  ""other_details"": [""Dept. of Korean Language & Literature"", ""Fax : 82-2-000-0000"", ""Mobile : 82-10-0000-0000""]
}
```

이 사람을 어디서 만났나요? 그리고 무엇을 논의했나요? 이런 맥락 정보도 함께 제공해주시면 감사하겠습니다. ",7.68,623,224
Qwen/Qwen2.5-VL-7B-Instruct,image_29.png,2," VR 기술 부스였고, 헤드셋 체험 줄 길게 늘어섰어. 부스 안에서 게임음 소리 살짝 들리고, 사람들이 체험 후 웃으며 나오는 모습이 활기찼던 게 기억나. ","감사합니다! 이런 맥락 정보가 추가되면 명함의 가치가 더 높아집니다. 이렇게 정보를 제공해주셔서 감사합니다. 명함 정보와 이 맥락 정보를 결합하여 요약해보겠습니다.

""이 명함은 VR 기술 부스에서 받았습니다. 부스는 헤드셋 체험 줄이 길게 늘어섰고, 게임음 소리가 들리며 사람들이 체험 후 웃으며 나왔습니다. 활기찬 분위기였습니다.""

이 정보가 정확하시다면 ""이 연락처를 데이터베이스에 추가했습니다. 다른 명함 처리할까요?""라고 말씀해주세요. ",5.37,704,158
Qwen/Qwen2.5-VL-7B-Instruct,image_29.png,3, 정보 잘 정리됐네. 이거 저장해줘.,"명함 정보와 맥락 정보를 잘 정리해드렸습니다. 이제 이 정보를 데이터베이스에 추가하겠습니다. 다른 명함을 처리하실 건가요? 아니면 지금 작업을 마무리하시려면 ""다음 명함 처리"" 또는 ""작업 마무리""라고 말씀해주세요. ",2.51,884,72
Qwen/Qwen2.5-VL-7B-Instruct,image_30.jpg,1,"오늘 전시회에서 받은 명함이야, 저장해줘! ","네, 명함을 처리해볼게요. 이 명함에서 추출된 정보는 다음과 같아 보입니다:

<extracted_info>
{
  ""name"": ""李在鎔 Jay Y. Lee"",
  ""position"": ""副會長 Vice Chairman"",
  ""company"": ""三星電子 Samsung Electronics"",
  ""phone"": """",
  ""email"": """",
  ""address"": """",
  ""website"": """",
  ""other_details"": [""三星電子 Samsung Electronics""]
}
</extracted_info>

이 사람을 어디서 만났나요? 그리고 무엇을 논의했나요? 이런 정보가 있으면 더 정확한 연락처 정보를 작성할 수 있을 거예요. ",5.16,643,148
Qwen/Qwen2.5-VL-7B-Instruct,image_30.jpg,2," 친환경 에너지 부스였고, 태양광 패널 모형 바람에 살짝 흔들렸어. 부스 주변에 녹색 조명 켜져 있고, 관람객들 자료 들고 다니며 질문하던 분위기였어. ","감사합니다. 이 정보를 추가로 사용하겠습니다.

이 연락처를 데이터베이스에 추가했습니다. 다른 명함 처리할까요? 아니면 다른 정보를 알려주시겠어요? ",1.53,636,44
Qwen/Qwen2.5-VL-7B-Instruct,image_30.jpg,3," 맞아, 근데 이메일을 taekyung@greenenergy.co.kr로 바꿔줘.",명함 정보를 업데이트했습니다. 이메일 주소는 taekyung@greenenergy.co.kr로 변경되었습니다. 이 연락처를 데이터베이스에 추가했습니다. 다른 명함 처리할까요? 아니면 다른 정보를 알려주시겠어요? ,2.15,713,61
